Engine Size,Cylinders,Horsepower,Vehicle Weight,Acceleration,Model Year,Fuel Type,Transmission,Fuel Consumption
2.5,4,189.0,1603.0,5.6,2019,Petrol,Manual,7.49
1.3,4,146.0,1651.0,8.6,2021,Plug-in Hybrid,Automatic,3.2
2.8,6,238.0,1522.0,3.5,2012,Diesel,Automatic,5.87
2.4,4,172.0,1644.0,6.0,2021,Diesel,Automatic,4.87
4.0,6,297.0,1976.0,3.5,2022,Petrol,Automatic,10.25
3.7,6,271.0,2004.0,4.9,2018,Petrol,Manual,8.95
2.6,8,239.0,1799.0,3.5,2014,Petrol,Manual,8.51
2.0,4,151.0,1484.0,6.8,2020,Hybrid,Automatic,3.2
5.4,12,438.0,2747.0,3.5,2017,Diesel,Automatic,14.45
3.0,8,265.0,2324.0,5.7,2016,Diesel,Manual,8.89
4.1,8,302.0,2245.0,4.2,2019,Petrol,Automatic,12.32
1.6,4,116.0,1316.0,7.7,2019,Plug-in Hybrid,Automatic,3.2
3.2,6,220.0,1795.0,5.0,2023,Hybrid,Automatic,4.47
1.1,4,76.0,1274.0,9.4,2023,Petrol,Manual,3.2
3.3,6,229.0,1649.0,5.5,2014,Petrol,Manual,8.81
5.3,8,391.0,2324.0,3.5,2013,Petrol,Automatic,14.59
2.7,6,203.0,1844.0,5.5,2013,Petrol,Automatic,8.8
1.2,4,124.0,1193.0,7.7,2016,Diesel,Manual,3.2
1.1,4,109.0,1454.0,8.6,2021,Petrol,Manual,3.22
2.7,6,181.0,1815.0,7.1,2023,Petrol,Automatic,6.69
1.7,4,155.0,1348.0,5.8,2018,Diesel,Manual,3.2
1.1,3,113.0,1241.0,7.3,2019,Petrol,Automatic,3.29
4.4,8,318.0,2394.0,5.1,2021,Petrol,Automatic,11.66
3.1,8,275.0,2056.0,4.5,2019,Petrol,Manual,8.62
2.3,4,157.0,1545.0,6.6,2024,Diesel,Automatic,4.13
5.1,8,378.0,2299.0,3.5,2023,Hybrid,Automatic,9.46
1.5,3,93.0,1339.0,8.8,2019,Petrol,Automatic,4.2
5.3,12,400.0,2583.0,3.5,2021,Diesel,Automatic,12.96
2.4,4,172.0,1309.0,4.7,2023,Diesel,Manual,3.69
5.0,8,369.0,2555.0,3.5,2022,Petrol,Automatic,13.45
3.7,8,292.0,2095.0,3.9,2014,Diesel,Manual,8.72
4.7,8,331.0,2304.0,4.5,2022,Petrol,Automatic,11.51
5.4,8,385.0,2375.0,3.5,2013,Petrol,Automatic,14.13
2.3,4,180.0,1456.0,5.2,2024,Plug-in Hybrid,Automatic,3.2
5.3,8,387.0,2342.0,3.5,2015,Plug-in Hybrid,Manual,9.35
2.8,6,230.0,1582.0,4.7,2012,Hybrid,Automatic,5.41
2.7,8,231.0,2169.0,6.8,2014,Petrol,Manual,8.03
2.5,4,209.0,1432.0,3.5,2022,Petrol,Automatic,6.56
3.4,6,235.0,1758.0,3.6,2020,Diesel,Manual,6.73
1.7,4,151.0,1383.0,6.5,2018,Petrol,Automatic,3.45
3.5,6,288.0,2055.0,4.5,2018,Petrol,Manual,11.09
3.4,8,293.0,2024.0,3.5,2012,Diesel,Manual,8.63
4.4,8,334.0,2054.0,3.5,2018,Petrol,Manual,10.93
4.8,8,349.0,2425.0,3.5,2021,Plug-in Hybrid,Manual,7.42
3.0,8,282.0,2038.0,4.0,2018,Petrol,Manual,8.66
2.4,4,152.0,1627.0,6.0,2015,Diesel,Automatic,5.34
2.2,4,150.0,1612.0,7.4,2018,Petrol,Automatic,6.55
1.9,4,145.0,1759.0,8.9,2019,Diesel,Automatic,4.1
1.3,4,144.0,1626.0,7.5,2014,Diesel,Manual,3.43
2.5,6,217.0,1638.0,4.6,2024,Petrol,Automatic,7.3
2.2,4,150.0,1721.0,7.5,2021,Plug-in Hybrid,Manual,3.2
5.3,8,381.0,2410.0,3.5,2013,Hybrid,Automatic,11.47
3.5,8,276.0,2100.0,4.5,2018,Plug-in Hybrid,Automatic,5.26
2.6,6,201.0,1535.0,4.1,2016,Hybrid,Automatic,5.25
3.6,6,290.0,1898.0,3.8,2016,Diesel,Manual,8.91
1.6,4,109.0,1320.0,8.9,2016,Plug-in Hybrid,Automatic,3.2
3.0,6,269.0,1909.0,3.6,2018,Petrol,Automatic,8.97
3.8,6,298.0,2083.0,4.1,2020,Petrol,Automatic,10.4
3.2,6,270.0,1597.0,3.5,2022,Petrol,Automatic,8.2
2.8,8,241.0,1911.0,5.4,2019,Petrol,Automatic,7.6
5.5,8,396.0,2535.0,3.5,2017,Petrol,Automatic,15.09
5.0,8,342.0,2288.0,3.9,2018,Petrol,Manual,12.4
3.8,6,271.0,2041.0,4.2,2020,Hybrid,Automatic,8.05
3.6,6,280.0,1960.0,3.6,2022,Petrol,Automatic,9.84
3.8,6,307.0,1995.0,4.5,2017,Petrol,Automatic,9.37
1.9,4,130.0,1439.0,7.9,2012,Diesel,Automatic,3.61
2.8,8,243.0,1768.0,4.0,2015,Petrol,Automatic,7.65
1.2,3,99.0,1141.0,6.7,2019,Hybrid,Automatic,3.2
3.1,6,215.0,1913.0,6.9,2018,Petrol,Automatic,7.54
3.4,6,271.0,1884.0,3.5,2014,Plug-in Hybrid,Automatic,5.7
2.0,4,144.0,1473.0,6.6,2021,Hybrid,Manual,3.2
5.3,8,384.0,2313.0,3.5,2014,Petrol,Manual,14.03
5.1,8,367.0,2291.0,3.5,2022,Petrol,Manual,12.47
4.2,8,311.0,2292.0,4.8,2014,Hybrid,Automatic,8.94
3.4,6,259.0,1842.0,3.9,2023,Diesel,Automatic,8.37
4.9,8,361.0,2131.0,3.5,2012,Diesel,Automatic,11.93
1.6,4,129.0,1507.0,7.7,2021,Hybrid,Automatic,3.2
4.6,8,334.0,2213.0,3.5,2012,Petrol,Manual,12.09
1.6,6,166.0,1562.0,6.6,2017,Petrol,Automatic,4.97
4.6,8,382.0,2431.0,3.5,2012,Petrol,Automatic,14.06
2.2,4,172.0,1524.0,6.6,2016,Hybrid,Automatic,3.66
4.9,8,385.0,2327.0,3.5,2015,Diesel,Manual,12.53
5.2,8,354.0,2205.0,3.5,2016,Petrol,Automatic,13.46
1.7,4,145.0,1410.0,7.2,2018,Petrol,Automatic,4.7
3.1,6,221.0,1901.0,5.7,2017,Petrol,Automatic,8.84
5.4,8,363.0,2195.0,3.5,2023,Petrol,Automatic,12.78
3.2,8,257.0,2010.0,4.7,2020,Diesel,Automatic,8.17
4.9,8,389.0,2304.0,3.5,2017,Diesel,Automatic,12.55
3.6,6,289.0,1923.0,3.8,2020,Hybrid,Automatic,6.81
2.7,6,225.0,1880.0,5.4,2015,Diesel,Automatic,7.82
2.3,6,168.0,1724.0,6.5,2012,Petrol,Automatic,7.76
1.9,4,149.0,1649.0,7.8,2012,Diesel,Automatic,4.86
4.4,8,344.0,2083.0,3.5,2021,Hybrid,Automatic,8.86
2.7,6,224.0,1772.0,5.1,2018,Diesel,Manual,6.31
3.3,6,217.0,1874.0,6.4,2024,Hybrid,Manual,4.68
3.2,6,230.0,1718.0,5.1,2024,Diesel,Automatic,7.27
3.6,8,293.0,2173.0,4.0,2024,Diesel,Automatic,8.87
4.9,8,376.0,2571.0,3.5,2014,Petrol,Automatic,13.77
5.4,12,397.0,2660.0,3.5,2013,Petrol,Automatic,14.73
2.8,6,223.0,1835.0,5.8,2017,Petrol,Manual,7.31
4.7,8,357.0,2266.0,3.6,2017,Petrol,Automatic,12.94
4.4,8,355.0,2116.0,3.5,2024,Diesel,Manual,9.47
3.6,6,284.0,1700.0,3.5,2018,Petrol,Automatic,9.62
5.3,12,447.0,2559.0,3.5,2016,Diesel,Automatic,13.98
1.9,6,161.0,1445.0,6.4,2019,Plug-in Hybrid,Manual,3.2
1.5,4,92.0,1604.0,10.5,2018,Petrol,Manual,3.63
4.8,8,352.0,2260.0,3.5,2013,Petrol,Manual,12.22
3.0,6,257.0,1768.0,4.0,2012,Hybrid,Manual,6.81
4.8,8,388.0,2381.0,3.5,2024,Petrol,Automatic,12.01
5.0,12,433.0,2455.0,3.5,2020,Petrol,Manual,12.79
1.3,3,116.0,1202.0,7.1,2016,Petrol,Automatic,4.72
5.0,8,379.0,2318.0,3.5,2023,Petrol,Manual,12.91
3.0,8,250.0,2073.0,5.3,2022,Plug-in Hybrid,Automatic,4.51
3.3,6,251.0,1924.0,3.9,2016,Hybrid,Manual,6.27
3.8,8,338.0,2124.0,3.5,2023,Diesel,Automatic,9.16
5.2,8,363.0,2355.0,3.6,2021,Hybrid,Automatic,9.96
1.1,3,129.0,1306.0,5.9,2015,Hybrid,Automatic,3.2
3.1,6,236.0,1852.0,5.5,2013,Petrol,Manual,8.67
4.1,8,348.0,2024.0,3.5,2016,Hybrid,Automatic,7.98
4.3,8,304.0,2190.0,4.6,2013,Diesel,Automatic,10.18
4.1,8,333.0,2019.0,3.5,2023,Hybrid,Automatic,6.83
1.6,6,145.0,1568.0,7.6,2018,Hybrid,Automatic,3.2
2.3,6,170.0,1626.0,6.5,2022,Petrol,Manual,5.69
2.6,6,219.0,2043.0,7.2,2020,Petrol,Automatic,8.59
4.6,8,369.0,2233.0,3.5,2020,Petrol,Manual,12.16
2.3,6,182.0,1515.0,5.9,2022,Petrol,Automatic,5.68
1.9,4,123.0,1456.0,8.8,2017,Hybrid,Automatic,3.2
5.3,8,386.0,2426.0,3.5,2012,Hybrid,Manual,11.5
1.0,3,89.0,1441.0,11.3,2024,Petrol,Manual,3.2
5.5,8,409.0,2329.0,3.5,2017,Diesel,Automatic,13.11
4.0,6,311.0,1800.0,3.5,2016,Petrol,Automatic,10.74
4.7,12,401.0,2634.0,3.5,2015,Petrol,Manual,13.69
2.3,4,212.0,1378.0,3.7,2023,Petrol,Automatic,5.89
1.1,4,113.0,1276.0,7.9,2017,Petrol,Manual,3.2
4.3,8,326.0,2153.0,3.5,2017,Plug-in Hybrid,Manual,6.61
4.8,8,328.0,2266.0,4.4,2017,Petrol,Manual,11.64
4.3,8,327.0,2267.0,3.5,2013,Diesel,Automatic,11.94
1.6,4,129.0,1336.0,6.4,2018,Diesel,Manual,3.2
4.4,8,357.0,2169.0,3.5,2015,Petrol,Automatic,12.29
4.5,8,353.0,2218.0,3.5,2024,Plug-in Hybrid,Automatic,7.04
4.0,8,292.0,2148.0,5.1,2023,Plug-in Hybrid,Automatic,6.07
4.4,12,389.0,2494.0,3.5,2020,Petrol,Automatic,13.42
4.8,8,373.0,2326.0,3.5,2021,Diesel,Manual,11.35
3.8,6,312.0,2055.0,3.5,2013,Petrol,Manual,11.33
1.4,3,131.0,1359.0,7.0,2016,Petrol,Manual,3.93
3.2,6,263.0,1900.0,3.9,2015,Petrol,Automatic,9.56
1.3,4,121.0,1174.0,6.7,2020,Diesel,Automatic,3.2
2.8,6,234.0,1780.0,4.7,2015,Diesel,Automatic,7.15
2.8,6,251.0,1832.0,4.6,2019,Petrol,Manual,8.54
1.3,4,93.0,1451.0,9.4,2019,Petrol,Automatic,3.83
2.6,8,232.0,1795.0,4.9,2017,Plug-in Hybrid,Manual,3.99
1.5,4,115.0,1321.0,7.9,2017,Petrol,Automatic,4.06
4.6,8,357.0,2169.0,3.5,2022,Petrol,Automatic,11.53
5.3,8,412.0,2428.0,3.5,2019,Diesel,Manual,12.56
1.3,3,96.0,1418.0,9.3,2023,Plug-in Hybrid,Automatic,3.2
5.3,8,340.0,2315.0,3.5,2024,Petrol,Manual,12.52
3.4,6,251.0,1991.0,5.1,2023,Diesel,Manual,7.28
2.3,4,193.0,1559.0,5.3,2021,Hybrid,Automatic,3.21
1.3,4,130.0,1349.0,7.0,2020,Petrol,Automatic,4.09
3.3,8,286.0,1979.0,4.4,2016,Diesel,Automatic,8.94
4.6,8,343.0,2328.0,3.5,2022,Petrol,Manual,12.3
4.2,8,301.0,2205.0,3.8,2012,Diesel,Automatic,10.48
1.2,4,124.0,1619.0,10.4,2012,Diesel,Automatic,3.43
1.3,3,91.0,1192.0,8.2,2013,Diesel,Automatic,3.2
2.8,6,270.0,1836.0,3.5,2021,Petrol,Manual,7.91
2.3,4,186.0,1480.0,5.5,2021,Hybrid,Automatic,3.2
2.0,4,146.0,1386.0,5.4,2016,Petrol,Manual,5.71
2.3,4,162.0,1543.0,6.5,2015,Petrol,Manual,6.37
4.6,8,347.0,2254.0,4.2,2012,Petrol,Automatic,12.52
5.2,8,377.0,2696.0,3.5,2015,Diesel,Automatic,12.72
2.8,6,248.0,1752.0,3.5,2015,Diesel,Manual,7.1
5.1,12,428.0,2472.0,3.5,2021,Petrol,Automatic,13.64
2.4,4,165.0,1595.0,7.3,2015,Diesel,Manual,4.1
3.1,8,304.0,1719.0,3.5,2012,Petrol,Automatic,9.38
2.0,4,159.0,1479.0,6.1,2020,Diesel,Automatic,4.42
3.9,8,326.0,2114.0,3.5,2014,Petrol,Manual,11.11
5.4,12,429.0,2757.0,3.7,2024,Diesel,Automatic,13.88
3.7,6,283.0,2053.0,5.2,2015,Petrol,Automatic,9.48
2.6,6,221.0,1678.0,4.5,2016,Plug-in Hybrid,Automatic,4.02
3.9,8,273.0,2094.0,3.5,2024,Petrol,Automatic,9.92
1.6,4,176.0,1326.0,4.1,2024,Petrol,Automatic,4.53
5.0,8,397.0,2175.0,3.5,2018,Petrol,Automatic,12.37
3.3,6,246.0,1901.0,4.6,2017,Plug-in Hybrid,Manual,4.68
3.0,8,239.0,1797.0,4.4,2016,Hybrid,Automatic,4.99
3.6,8,301.0,2008.0,3.9,2019,Petrol,Manual,10.18
3.8,6,283.0,1835.0,3.7,2012,Diesel,Automatic,8.55
1.3,4,127.0,1430.0,7.7,2018,Hybrid,Manual,3.2
4.1,8,325.0,2364.0,4.8,2023,Diesel,Automatic,9.33
2.1,4,174.0,1352.0,5.1,2017,Diesel,Manual,3.87
4.2,12,404.0,2224.0,3.5,2022,Petrol,Automatic,12.34
4.7,8,366.0,2241.0,3.5,2016,Petrol,Automatic,13.53
4.6,8,328.0,2240.0,3.6,2018,Hybrid,Automatic,9.05
3.5,6,292.0,1926.0,4.4,2014,Plug-in Hybrid,Automatic,5.77
3.3,8,310.0,1950.0,3.5,2012,Diesel,Automatic,9.39
1.6,4,199.0,1394.0,3.5,2020,Petrol,Automatic,5.45
4.5,8,321.0,2264.0,3.8,2013,Petrol,Manual,12.43
2.2,4,174.0,1651.0,6.9,2024,Diesel,Automatic,4.35
3.2,6,206.0,1611.0,5.7,2021,Hybrid,Automatic,4.5
2.3,4,186.0,1500.0,5.2,2014,Hybrid,Automatic,3.32
1.6,4,125.0,1444.0,7.2,2019,Hybrid,Manual,3.2
3.8,6,319.0,1844.0,3.5,2023,Diesel,Automatic,8.89
1.2,4,99.0,1554.0,10.2,2021,Petrol,Automatic,3.2
4.4,12,352.0,2406.0,3.5,2020,Petrol,Automatic,11.51
2.4,6,195.0,1697.0,5.9,2024,Hybrid,Manual,3.2
1.0,3,70.0,1307.0,9.5,2014,Diesel,Manual,3.2
3.3,8,293.0,1933.0,3.5,2017,Petrol,Automatic,10.4
1.2,4,73.0,1124.0,9.1,2018,Petrol,Manual,3.2
2.2,4,170.0,1475.0,6.3,2012,Diesel,Manual,5.07
4.2,8,285.0,2290.0,5.2,2018,Petrol,Automatic,11.55
1.3,3,101.0,1254.0,7.7,2015,Petrol,Manual,4.25
4.8,8,393.0,2172.0,3.5,2016,Diesel,Automatic,10.95
1.0,4,110.0,1421.0,7.8,2019,Diesel,Automatic,3.2
2.1,4,146.0,1468.0,7.2,2015,Diesel,Automatic,3.53
4.3,8,332.0,2123.0,3.5,2015,Petrol,Automatic,11.64
2.4,4,180.0,1580.0,5.7,2019,Diesel,Automatic,5.66
1.5,4,140.0,1492.0,7.8,2016,Petrol,Manual,4.3
2.6,6,188.0,2024.0,7.8,2024,Petrol,Automatic,6.41
2.2,6,205.0,1765.0,6.6,2017,Diesel,Automatic,5.72
4.8,12,354.0,2693.0,4.6,2023,Diesel,Automatic,11.82
2.4,4,167.0,1501.0,6.3,2022,Hybrid,Manual,3.2
4.6,8,339.0,2115.0,3.5,2016,Diesel,Automatic,10.65
5.0,8,384.0,2317.0,3.5,2012,Diesel,Automatic,12.63
3.0,8,261.0,1963.0,4.8,2018,Petrol,Automatic,9.34
5.1,8,348.0,2199.0,3.5,2017,Petrol,Automatic,12.68
2.7,6,201.0,1735.0,4.7,2013,Petrol,Manual,7.47
5.3,8,391.0,2412.0,3.5,2022,Petrol,Manual,14.05
1.4,4,123.0,1425.0,8.2,2018,Plug-in Hybrid,Automatic,3.2
4.1,8,310.0,2209.0,3.6,2017,Petrol,Manual,11.31
3.2,8,262.0,2021.0,4.0,2016,Hybrid,Automatic,7.12
2.7,6,234.0,1695.0,5.0,2019,Diesel,Manual,5.17
3.8,6,271.0,1892.0,4.1,2016,Hybrid,Automatic,7.25
4.2,12,373.0,2302.0,3.5,2022,Diesel,Automatic,9.78
1.0,4,146.0,1524.0,6.6,2013,Diesel,Automatic,3.56
1.8,4,119.0,1456.0,7.9,2017,Diesel,Manual,3.8
4.2,8,290.0,2139.0,5.1,2023,Petrol,Automatic,10.02
4.0,6,308.0,1879.0,3.5,2012,Diesel,Automatic,9.04
5.3,12,422.0,2800.0,3.5,2016,Petrol,Automatic,16.15
4.4,8,332.0,2073.0,3.5,2017,Petrol,Manual,10.88
5.3,12,420.0,2593.0,3.5,2018,Diesel,Automatic,12.56
4.2,8,322.0,2216.0,4.5,2013,Petrol,Manual,12.38
2.3,4,206.0,1616.0,5.8,2012,Plug-in Hybrid,Manual,3.2
1.5,3,135.0,1445.0,7.2,2017,Plug-in Hybrid,Automatic,3.2
4.5,8,361.0,2437.0,3.5,2014,Plug-in Hybrid,Manual,8.62
3.9,6,258.0,2033.0,3.5,2016,Petrol,Automatic,11.2
1.2,3,79.0,1149.0,8.5,2023,Petrol,Manual,3.2
2.6,6,158.0,1707.0,6.8,2022,Plug-in Hybrid,Automatic,3.2
5.3,12,419.0,2681.0,3.5,2024,Petrol,Manual,13.43
3.3,6,273.0,2112.0,4.6,2013,Plug-in Hybrid,Manual,5.31
2.9,8,266.0,1764.0,3.5,2012,Plug-in Hybrid,Manual,3.58
3.1,6,238.0,1972.0,5.3,2012,Hybrid,Manual,6.67
1.9,4,152.0,1494.0,7.2,2024,Petrol,Automatic,4.95
2.7,6,207.0,1857.0,6.5,2022,Petrol,Automatic,6.84
2.7,6,225.0,1744.0,3.7,2015,Hybrid,Manual,4.33
1.2,4,129.0,1245.0,6.7,2021,Petrol,Automatic,3.71
4.5,8,311.0,2310.0,3.6,2024,Petrol,Automatic,12.31
2.9,6,237.0,1871.0,5.5,2013,Diesel,Manual,7.1
4.7,8,373.0,2373.0,3.5,2012,Plug-in Hybrid,Manual,8.57
4.8,8,352.0,2272.0,3.5,2017,Diesel,Manual,10.71
2.0,4,172.0,1418.0,4.9,2015,Diesel,Automatic,5.37
4.0,8,372.0,1943.0,3.5,2021,Petrol,Manual,10.17
3.1,8,264.0,2066.0,3.6,2024,Diesel,Automatic,7.49
5.0,8,379.0,2361.0,3.5,2023,Plug-in Hybrid,Manual,8.6
2.0,4,143.0,1374.0,6.5,2018,Petrol,Automatic,5.54
4.1,8,325.0,2083.0,3.5,2022,Diesel,Manual,9.02
3.7,6,285.0,1880.0,3.5,2017,Hybrid,Manual,6.56
2.3,4,178.0,1366.0,4.4,2016,Diesel,Automatic,5.73
1.6,4,116.0,1320.0,7.0,2021,Diesel,Manual,3.2
3.9,6,291.0,1836.0,3.5,2023,Diesel,Automatic,8.25
4.3,8,362.0,2135.0,3.5,2024,Petrol,Manual,10.28
2.4,4,189.0,1473.0,5.5,2023,Petrol,Manual,6.16
3.9,6,306.0,1777.0,3.5,2023,Hybrid,Automatic,6.55
2.8,6,221.0,2017.0,6.4,2023,Hybrid,Manual,4.25
4.2,8,342.0,2316.0,3.5,2013,Hybrid,Manual,9.62
1.9,6,182.0,1519.0,4.8,2016,Plug-in Hybrid,Automatic,3.2
5.0,8,352.0,2343.0,3.5,2020,Diesel,Automatic,11.87
2.3,4,181.0,1594.0,6.3,2020,Diesel,Manual,4.38
2.7,6,201.0,1899.0,5.8,2013,Hybrid,Manual,4.58
1.3,4,107.0,1266.0,8.6,2018,Diesel,Manual,3.2
1.5,4,134.0,1531.0,7.4,2021,Diesel,Manual,3.2
3.3,6,259.0,1798.0,3.5,2015,Hybrid,Automatic,6.37
2.2,4,145.0,1366.0,6.9,2024,Hybrid,Manual,3.2
4.8,8,381.0,2361.0,3.5,2024,Petrol,Automatic,12.7
1.1,4,120.0,1483.0,8.5,2014,Petrol,Automatic,3.79
2.7,6,206.0,2067.0,6.8,2022,Petrol,Automatic,6.67
2.5,6,179.0,1576.0,6.1,2012,Diesel,Automatic,6.77
1.1,4,106.0,1412.0,7.4,2014,Petrol,Automatic,4.36
1.6,6,151.0,1509.0,5.9,2022,Diesel,Automatic,4.44
2.9,6,234.0,1886.0,5.6,2020,Diesel,Manual,5.99
3.2,6,241.0,1670.0,4.3,2020,Petrol,Automatic,8.49
2.8,6,186.0,1622.0,5.4,2018,Diesel,Automatic,6.34
3.4,8,275.0,1929.0,3.7,2014,Petrol,Automatic,10.0
3.7,6,269.0,1945.0,4.3,2024,Petrol,Automatic,8.67
1.0,4,116.0,1233.0,7.9,2014,Hybrid,Automatic,3.2
3.1,6,229.0,1907.0,4.3,2015,Petrol,Automatic,9.42
5.3,8,421.0,2487.0,3.5,2018,Petrol,Automatic,14.61
3.3,8,239.0,2076.0,5.7,2018,Diesel,Manual,7.59
4.0,6,318.0,2184.0,4.0,2023,Hybrid,Automatic,8.26
2.4,6,200.0,1752.0,7.4,2023,Petrol,Automatic,6.77
4.5,8,361.0,2074.0,3.5,2013,Diesel,Automatic,10.89
4.5,12,393.0,2664.0,3.5,2023,Petrol,Manual,12.1
3.3,6,276.0,1791.0,3.5,2016,Petrol,Automatic,9.57
5.4,8,385.0,2491.0,3.7,2018,Diesel,Automatic,12.47
1.6,6,138.0,1747.0,8.6,2018,Diesel,Automatic,3.98
1.1,3,125.0,1313.0,6.8,2017,Diesel,Automatic,3.24
4.5,12,389.0,2320.0,3.5,2021,Diesel,Automatic,11.33
4.6,8,353.0,2128.0,3.5,2021,Plug-in Hybrid,Automatic,8.05
1.5,4,155.0,1559.0,6.4,2023,Diesel,Automatic,3.2
2.2,4,148.0,1506.0,7.4,2019,Petrol,Automatic,6.06
1.1,4,120.0,1338.0,8.4,2014,Hybrid,Automatic,3.2
2.3,4,163.0,1635.0,7.7,2012,Petrol,Manual,6.43
4.5,8,341.0,2304.0,3.5,2014,Petrol,Manual,13.48
3.3,6,255.0,1897.0,4.2,2022,Petrol,Manual,8.12
2.6,6,185.0,1713.0,7.1,2013,Petrol,Manual,6.82
2.7,8,229.0,1858.0,4.5,2013,Plug-in Hybrid,Automatic,4.61
1.0,4,130.0,1413.0,7.9,2013,Hybrid,Automatic,3.2
2.3,4,192.0,1610.0,4.7,2016,Diesel,Automatic,5.37
3.9,8,309.0,2081.0,4.0,2024,Petrol,Automatic,10.51
5.4,8,398.0,2512.0,3.5,2012,Petrol,Manual,14.75
4.8,8,354.0,2259.0,3.5,2021,Petrol,Automatic,12.15
1.1,4,136.0,1226.0,6.5,2015,Petrol,Manual,3.84
5.0,12,415.0,2499.0,3.5,2021,Diesel,Automatic,12.67
4.5,8,348.0,2103.0,3.5,2016,Diesel,Manual,10.18
4.5,8,366.0,2187.0,3.5,2013,Diesel,Automatic,11.67
3.1,6,227.0,1976.0,6.4,2016,Petrol,Automatic,8.42
2.8,8,281.0,1817.0,3.5,2021,Plug-in Hybrid,Automatic,3.81
2.4,4,149.0,1585.0,7.3,2015,Diesel,Automatic,5.57
1.3,4,152.0,1285.0,5.7,2019,Diesel,Automatic,3.27
2.0,4,151.0,1459.0,6.3,2012,Diesel,Automatic,3.95
2.1,4,159.0,1327.0,6.5,2023,Petrol,Manual,4.35
3.2,6,210.0,1820.0,5.9,2016,Petrol,Automatic,8.73
4.4,12,377.0,2459.0,3.5,2022,Petrol,Automatic,12.57
3.1,6,222.0,1893.0,5.9,2023,Hybrid,Automatic,5.34
1.3,4,107.0,1391.0,8.5,2021,Petrol,Manual,3.26
5.3,8,385.0,2220.0,3.5,2012,Petrol,Automatic,13.97
5.2,8,401.0,2476.0,3.5,2021,Petrol,Automatic,13.68
4.5,8,348.0,2245.0,3.5,2021,Petrol,Automatic,12.48
5.5,8,405.0,2424.0,3.5,2015,Hybrid,Automatic,12.01
3.5,6,243.0,1899.0,5.1,2019,Diesel,Manual,7.62
5.3,8,370.0,2302.0,3.5,2012,Diesel,Automatic,12.8
1.3,4,155.0,1390.0,6.1,2022,Petrol,Automatic,4.0
2.6,8,224.0,1935.0,5.8,2013,Diesel,Manual,6.68
2.0,6,215.0,1420.0,3.5,2012,Diesel,Automatic,6.17
1.9,4,148.0,1407.0,7.0,2022,Petrol,Automatic,5.2
1.6,4,136.0,1387.0,7.4,2018,Petrol,Automatic,4.31
3.8,6,302.0,1985.0,4.0,2013,Petrol,Manual,10.62
4.5,8,369.0,2363.0,3.5,2012,Diesel,Automatic,12.21
3.6,6,268.0,1825.0,3.5,2023,Diesel,Manual,7.64
1.7,4,134.0,1376.0,7.7,2017,Petrol,Automatic,4.92
4.7,8,353.0,2194.0,3.5,2017,Petrol,Automatic,12.04
3.9,6,293.0,1876.0,3.5,2021,Diesel,Automatic,8.13
2.7,6,238.0,1714.0,3.8,2013,Diesel,Manual,7.4
4.0,8,316.0,2222.0,3.5,2012,Hybrid,Automatic,9.8
2.2,6,205.0,1540.0,4.7,2021,Diesel,Manual,4.0
2.6,6,248.0,1789.0,3.5,2014,Petrol,Manual,8.3
5.1,8,384.0,2124.0,3.5,2021,Petrol,Automatic,13.03
2.3,6,205.0,1617.0,4.9,2016,Diesel,Automatic,4.79
3.1,8,236.0,1928.0,5.4,2017,Petrol,Automatic,8.36
5.0,8,318.0,2511.0,4.8,2014,Diesel,Automatic,12.06
4.2,8,335.0,2133.0,3.5,2020,Plug-in Hybrid,Manual,6.36
1.3,3,106.0,1030.0,6.3,2022,Diesel,Manual,3.2
1.7,4,131.0,1196.0,6.5,2016,Petrol,Automatic,5.25
1.0,3,96.0,1244.0,9.1,2024,Diesel,Automatic,3.2
3.8,6,280.0,2028.0,4.1,2013,Diesel,Manual,9.17
3.0,6,260.0,1855.0,4.7,2021,Diesel,Automatic,6.95
1.6,4,138.0,1438.0,7.5,2017,Plug-in Hybrid,Manual,3.2
5.3,8,373.0,2503.0,3.5,2023,Petrol,Automatic,13.52
3.4,6,279.0,1817.0,3.5,2019,Plug-in Hybrid,Manual,5.82
2.1,4,159.0,1615.0,6.3,2022,Plug-in Hybrid,Automatic,3.2
3.3,6,264.0,1668.0,3.5,2017,Petrol,Automatic,8.29
4.1,8,312.0,2039.0,3.7,2015,Petrol,Automatic,10.93
1.3,4,107.0,1147.0,7.9,2017,Petrol,Automatic,3.2
2.2,4,171.0,1493.0,6.8,2019,Petrol,Automatic,5.27
4.6,8,349.0,2232.0,3.5,2019,Petrol,Manual,11.32
3.1,8,276.0,1982.0,4.9,2024,Diesel,Manual,6.88
3.5,6,259.0,1907.0,4.2,2021,Petrol,Automatic,8.91
2.9,8,219.0,1821.0,6.4,2013,Petrol,Automatic,8.05
1.2,3,93.0,1253.0,8.9,2019,Hybrid,Automatic,3.2
1.7,4,157.0,1256.0,5.5,2017,Petrol,Automatic,4.71
3.0,6,231.0,1974.0,6.6,2013,Hybrid,Automatic,5.88
1.9,4,148.0,1436.0,6.7,2012,Petrol,Automatic,6.22
1.2,4,134.0,1287.0,6.8,2017,Petrol,Automatic,3.9
4.8,12,394.0,2745.0,4.5,2024,Diesel,Automatic,11.53
5.4,8,362.0,2233.0,3.5,2018,Diesel,Automatic,11.94
4.6,8,346.0,2103.0,3.5,2021,Hybrid,Automatic,9.76
4.8,12,398.0,2422.0,3.5,2016,Diesel,Manual,11.72
2.1,6,168.0,1640.0,6.5,2021,Hybrid,Automatic,3.2
5.3,8,384.0,2416.0,3.5,2019,Petrol,Manual,13.63
1.9,4,162.0,1561.0,7.4,2022,Petrol,Automatic,5.03
5.3,8,387.0,2673.0,3.5,2024,Hybrid,Automatic,12.27
5.5,12,453.0,2410.0,3.5,2023,Hybrid,Manual,10.52
4.2,8,363.0,2239.0,3.5,2020,Plug-in Hybrid,Manual,7.88
5.4,8,386.0,2315.0,3.5,2015,Petrol,Manual,14.25
3.6,8,300.0,1988.0,3.5,2018,Petrol,Automatic,10.11
2.2,4,159.0,1452.0,6.4,2019,Hybrid,Automatic,3.2
3.0,6,220.0,1701.0,4.6,2024,Petrol,Manual,6.69
3.7,6,264.0,2138.0,4.3,2017,Plug-in Hybrid,Automatic,5.8
1.3,3,98.0,1395.0,10.2,2013,Hybrid,Automatic,3.2
3.8,6,288.0,1957.0,3.5,2018,Petrol,Automatic,10.42
5.4,8,440.0,2544.0,3.5,2024,Hybrid,Automatic,10.6
1.9,4,138.0,1290.0,6.3,2020,Hybrid,Manual,3.2
4.6,8,341.0,2078.0,3.5,2016,Petrol,Automatic,12.09
5.1,12,423.0,2347.0,3.5,2013,Plug-in Hybrid,Automatic,10.07
5.2,8,390.0,2262.0,3.5,2015,Diesel,Automatic,12.65
5.3,8,393.0,2383.0,3.5,2014,Hybrid,Automatic,11.28
3.3,6,279.0,1876.0,4.2,2015,Petrol,Automatic,9.9
5.4,8,344.0,2400.0,3.5,2021,Hybrid,Automatic,10.43
4.4,8,290.0,2033.0,3.5,2018,Petrol,Automatic,11.57
1.7,4,132.0,1532.0,8.8,2021,Petrol,Manual,4.28
3.1,6,264.0,1857.0,3.5,2019,Plug-in Hybrid,Automatic,4.7
4.2,8,296.0,2254.0,4.3,2012,Petrol,Automatic,11.99
2.1,4,103.0,1281.0,7.4,2024,Petrol,Manual,4.31
3.9,6,298.0,2009.0,4.4,2019,Plug-in Hybrid,Manual,5.83
4.0,6,297.0,1847.0,3.5,2016,Plug-in Hybrid,Automatic,5.59
1.7,4,120.0,1388.0,8.1,2023,Diesel,Automatic,3.2
3.5,6,245.0,1964.0,5.7,2018,Diesel,Automatic,7.85
4.5,8,324.0,2231.0,3.9,2022,Petrol,Manual,11.26
3.2,8,274.0,1884.0,3.6,2022,Petrol,Manual,8.69
1.1,4,96.0,1329.0,8.1,2012,Petrol,Manual,3.29
1.0,3,101.0,1056.0,6.8,2013,Diesel,Automatic,3.2
2.6,6,158.0,1876.0,8.3,2012,Hybrid,Manual,4.14
5.2,8,365.0,2321.0,3.5,2016,Hybrid,Automatic,11.2
2.0,4,135.0,1624.0,8.4,2017,Hybrid,Automatic,3.2
3.9,6,281.0,1909.0,3.9,2021,Petrol,Automatic,9.91
2.0,6,171.0,1567.0,6.9,2020,Diesel,Manual,3.64
2.4,4,196.0,1470.0,3.8,2019,Petrol,Automatic,7.56
4.8,12,371.0,2659.0,5.4,2018,Diesel,Manual,12.33
4.3,8,333.0,2099.0,3.5,2023,Petrol,Automatic,10.36
1.4,3,124.0,1389.0,7.8,2016,Hybrid,Automatic,3.2
2.9,8,293.0,1886.0,3.5,2014,Petrol,Automatic,9.97
1.1,3,87.0,1021.0,9.5,2020,Petrol,Automatic,3.2
3.2,6,254.0,1778.0,3.5,2024,Petrol,Manual,8.21
4.0,6,256.0,1849.0,4.0,2016,Hybrid,Automatic,7.37
1.5,3,71.0,1334.0,9.1,2014,Diesel,Manual,3.2
2.3,6,215.0,1541.0,4.2,2014,Petrol,Manual,7.35
2.8,6,226.0,1885.0,5.7,2014,Petrol,Manual,8.08
5.1,12,448.0,2597.0,3.5,2017,Diesel,Automatic,12.79
5.5,12,419.0,2659.0,3.5,2012,Petrol,Automatic,14.81
1.2,4,124.0,1425.0,6.7,2022,Hybrid,Automatic,3.2
4.4,8,375.0,2318.0,3.5,2015,Diesel,Manual,10.33
2.7,6,229.0,1754.0,5.6,2024,Petrol,Manual,6.94
2.8,8,256.0,1821.0,3.6,2019,Petrol,Automatic,8.37
4.4,8,338.0,1989.0,3.5,2014,Plug-in Hybrid,Manual,8.01
5.1,8,345.0,2246.0,3.5,2016,Petrol,Automatic,13.32
5.3,8,415.0,2290.0,3.5,2013,Petrol,Automatic,14.31
3.6,6,258.0,1931.0,4.2,2013,Hybrid,Automatic,6.58
2.6,6,225.0,1697.0,4.1,2022,Plug-in Hybrid,Manual,3.2
4.5,8,312.0,2303.0,3.9,2024,Plug-in Hybrid,Automatic,7.4
2.1,4,140.0,1434.0,6.9,2018,Hybrid,Manual,3.2
3.5,8,317.0,2033.0,3.5,2021,Petrol,Manual,10.89
2.6,6,208.0,1880.0,5.4,2014,Petrol,Manual,7.85
4.0,8,345.0,2171.0,3.5,2016,Hybrid,Automatic,8.89
2.1,4,162.0,1501.0,6.4,2014,Diesel,Automatic,4.29
1.9,6,140.0,1540.0,7.0,2017,Petrol,Automatic,5.95
5.1,8,394.0,2252.0,3.5,2024,Plug-in Hybrid,Automatic,7.93
1.5,4,119.0,1298.0,7.1,2021,Petrol,Automatic,4.14
3.3,6,267.0,1799.0,3.5,2014,Diesel,Manual,8.3
2.0,6,183.0,1721.0,5.9,2019,Petrol,Automatic,6.43
1.2,3,71.0,1249.0,11.3,2013,Diesel,Automatic,3.2
1.2,4,117.0,1184.0,7.4,2014,Petrol,Automatic,3.64
1.8,6,215.0,1806.0,5.0,2019,Petrol,Automatic,7.52
4.9,8,375.0,2330.0,3.5,2019,Petrol,Automatic,12.49
2.3,4,173.0,1375.0,5.2,2012,Diesel,Automatic,5.67
5.3,8,409.0,2311.0,3.5,2019,Diesel,Manual,11.96
3.6,6,274.0,1931.0,3.7,2021,Diesel,Automatic,7.94
3.0,8,265.0,2155.0,4.8,2013,Plug-in Hybrid,Manual,4.5
3.6,6,248.0,1785.0,4.3,2023,Petrol,Manual,8.29
3.3,6,258.0,1981.0,4.4,2018,Petrol,Automatic,9.3
4.4,12,407.0,2650.0,4.1,2017,Hybrid,Manual,10.41
2.3,4,158.0,1469.0,5.7,2013,Petrol,Automatic,6.91
2.6,8,267.0,1845.0,4.6,2016,Plug-in Hybrid,Manual,3.43
5.0,8,369.0,2186.0,3.5,2018,Petrol,Automatic,13.68
5.3,8,370.0,2340.0,3.5,2019,Plug-in Hybrid,Manual,8.51
5.0,8,391.0,2306.0,3.5,2014,Petrol,Manual,13.66
2.9,6,226.0,1871.0,5.1,2012,Hybrid,Manual,5.74
4.5,8,359.0,2351.0,3.6,2024,Diesel,Manual,10.22
3.1,6,237.0,1738.0,3.5,2018,Plug-in Hybrid,Automatic,4.25
3.2,6,247.0,1610.0,3.5,2024,Petrol,Automatic,7.49
1.9,4,162.0,1469.0,5.7,2016,Diesel,Automatic,4.33
3.7,8,305.0,2111.0,3.5,2016,Plug-in Hybrid,Automatic,5.93
1.8,4,107.0,1484.0,9.0,2018,Diesel,Manual,3.2
2.5,4,163.0,1541.0,6.8,2012,Diesel,Automatic,5.36
4.8,8,379.0,2289.0,3.5,2019,Diesel,Manual,11.56
1.9,4,150.0,1654.0,7.8,2023,Diesel,Automatic,3.63
1.3,4,109.0,1410.0,8.3,2021,Diesel,Manual,3.2
1.3,3,80.0,1249.0,9.9,2016,Diesel,Automatic,3.2
5.2,8,360.0,2286.0,3.5,2019,Plug-in Hybrid,Manual,8.52
3.3,6,213.0,1844.0,6.4,2021,Petrol,Manual,7.5
2.8,6,224.0,1970.0,6.4,2021,Petrol,Automatic,8.1
4.6,12,385.0,2496.0,3.5,2016,Plug-in Hybrid,Automatic,9.01
4.8,8,341.0,2272.0,3.5,2023,Hybrid,Manual,8.63
2.5,4,184.0,1522.0,5.0,2018,Diesel,Automatic,5.18
4.1,8,329.0,2280.0,3.5,2021,Diesel,Automatic,10.55
4.5,8,385.0,2455.0,3.5,2014,Petrol,Automatic,13.27
3.9,8,280.0,2166.0,5.0,2013,Petrol,Automatic,11.25
1.7,4,165.0,1446.0,6.4,2017,Diesel,Automatic,3.43
4.9,8,385.0,2296.0,3.5,2016,Petrol,Automatic,13.85
3.4,6,243.0,1596.0,3.5,2020,Diesel,Automatic,6.87
2.3,4,179.0,1633.0,6.4,2021,Petrol,Automatic,6.38
2.9,6,222.0,1808.0,5.0,2015,Plug-in Hybrid,Manual,3.63
1.2,3,106.0,1327.0,8.0,2022,Plug-in Hybrid,Automatic,3.2
1.6,4,166.0,1333.0,4.1,2014,Diesel,Manual,4.2
4.4,8,350.0,2156.0,3.5,2020,Diesel,Automatic,10.36
1.0,4,113.0,1261.0,8.1,2019,Petrol,Automatic,3.2
2.9,6,223.0,1915.0,5.3,2017,Hybrid,Automatic,6.09
3.4,6,229.0,1837.0,5.0,2012,Diesel,Automatic,8.07
1.2,4,110.0,1596.0,9.6,2021,Petrol,Automatic,3.92
5.4,12,465.0,2714.0,3.5,2024,Plug-in Hybrid,Automatic,10.64
2.0,4,127.0,1337.0,6.7,2023,Hybrid,Automatic,3.2
2.4,6,183.0,1687.0,7.0,2022,Plug-in Hybrid,Automatic,3.2
2.4,4,183.0,1484.0,5.9,2012,Diesel,Manual,4.95
2.0,4,138.0,1227.0,5.4,2023,Diesel,Automatic,3.38
1.0,4,87.0,1502.0,9.7,2017,Petrol,Automatic,3.52
4.3,8,324.0,2268.0,4.5,2024,Plug-in Hybrid,Manual,6.22
5.4,8,366.0,2446.0,3.5,2014,Hybrid,Automatic,11.47
2.0,4,139.0,1510.0,6.3,2014,Petrol,Automatic,5.51
4.0,6,306.0,1824.0,3.5,2017,Petrol,Manual,10.28
4.3,12,354.0,2406.0,3.5,2024,Petrol,Automatic,12.08
4.8,8,328.0,2375.0,3.5,2014,Hybrid,Manual,10.11
2.9,6,219.0,1666.0,4.4,2024,Plug-in Hybrid,Manual,3.26
2.4,4,195.0,1258.0,3.5,2022,Petrol,Automatic,5.92
2.5,4,182.0,1553.0,6.6,2021,Diesel,Automatic,4.87
4.2,8,318.0,2149.0,3.5,2017,Petrol,Automatic,11.07
4.7,8,355.0,2272.0,3.5,2016,Plug-in Hybrid,Automatic,9.15
1.8,6,136.0,1681.0,9.3,2015,Hybrid,Automatic,3.2
2.7,8,254.0,1973.0,5.7,2019,Hybrid,Manual,5.22
5.1,8,384.0,2359.0,3.5,2013,Diesel,Automatic,12.4
4.6,8,341.0,2381.0,3.5,2023,Petrol,Automatic,12.21
5.4,12,461.0,2480.0,3.5,2022,Petrol,Manual,13.4
4.4,8,315.0,2263.0,4.7,2018,Petrol,Manual,11.81
2.8,6,249.0,1849.0,4.4,2015,Hybrid,Automatic,5.45
3.7,6,279.0,1787.0,3.8,2013,Hybrid,Automatic,7.83
4.0,6,285.0,1810.0,3.5,2018,Plug-in Hybrid,Automatic,5.38
1.4,4,125.0,1292.0,7.6,2024,Plug-in Hybrid,Automatic,3.2
3.5,6,262.0,1821.0,4.4,2012,Diesel,Automatic,8.19
4.2,8,351.0,2256.0,3.5,2015,Hybrid,Automatic,9.12
1.8,4,125.0,1380.0,6.2,2020,Plug-in Hybrid,Manual,3.2
4.5,8,328.0,2117.0,3.5,2015,Hybrid,Automatic,8.85
3.6,6,291.0,1845.0,3.5,2023,Petrol,Automatic,8.98
5.3,8,376.0,2498.0,3.5,2024,Diesel,Automatic,11.7
1.2,4,132.0,1348.0,7.0,2014,Petrol,Automatic,4.64
2.2,4,203.0,1504.0,3.8,2021,Plug-in Hybrid,Manual,3.2
3.7,6,267.0,1923.0,5.2,2021,Diesel,Manual,7.71
2.3,4,188.0,1699.0,7.2,2013,Petrol,Manual,6.59
4.2,12,352.0,2356.0,3.5,2014,Diesel,Automatic,11.54
4.4,12,401.0,2640.0,3.5,2012,Diesel,Automatic,13.25
1.5,4,134.0,1425.0,7.0,2021,Petrol,Automatic,4.6
3.3,6,263.0,1845.0,4.2,2019,Petrol,Automatic,9.0
3.3,6,241.0,2164.0,6.5,2012,Diesel,Automatic,8.08
2.7,8,211.0,1769.0,6.0,2014,Diesel,Manual,5.41
5.2,8,392.0,2304.0,3.5,2014,Hybrid,Automatic,11.04
4.7,8,313.0,2108.0,5.1,2024,Diesel,Automatic,8.8
4.1,8,315.0,2262.0,3.5,2013,Hybrid,Automatic,9.14
4.2,8,346.0,2369.0,3.5,2016,Diesel,Automatic,11.71
3.1,6,246.0,2028.0,5.2,2021,Diesel,Automatic,6.92
5.1,8,415.0,2475.0,3.5,2014,Hybrid,Manual,10.61
4.1,8,342.0,2124.0,3.5,2014,Petrol,Manual,11.83
4.3,8,319.0,2140.0,3.5,2019,Petrol,Manual,9.88
4.9,12,414.0,2371.0,3.5,2015,Petrol,Automatic,14.02
2.2,6,192.0,1910.0,6.4,2015,Hybrid,Automatic,5.21
4.6,8,317.0,2294.0,4.4,2014,Diesel,Automatic,10.79
1.9,4,134.0,1413.0,7.1,2022,Diesel,Automatic,3.2
2.6,6,204.0,1897.0,6.3,2012,Petrol,Manual,8.2
2.5,4,145.0,1463.0,7.6,2019,Petrol,Automatic,5.23
5.4,8,394.0,2431.0,3.5,2012,Petrol,Automatic,15.08
4.9,8,361.0,2271.0,3.5,2018,Petrol,Automatic,12.42
4.2,8,294.0,2243.0,4.9,2016,Diesel,Automatic,10.93
4.3,8,341.0,2176.0,3.5,2015,Petrol,Manual,12.09
3.5,6,279.0,1726.0,3.5,2015,Petrol,Automatic,9.7
5.3,8,392.0,2373.0,3.5,2019,Plug-in Hybrid,Automatic,10.12
3.2,6,242.0,1972.0,5.6,2022,Petrol,Automatic,9.03
2.7,6,232.0,1752.0,5.8,2022,Diesel,Automatic,6.17
1.7,6,179.0,1669.0,6.6,2024,Hybrid,Manual,3.2
4.5,8,350.0,2095.0,3.5,2017,Petrol,Manual,11.38
4.3,8,316.0,2181.0,3.5,2023,Diesel,Manual,9.96
2.7,8,250.0,1821.0,4.4,2012,Hybrid,Manual,5.07
1.1,4,132.0,1418.0,8.5,2021,Plug-in Hybrid,Automatic,3.2
4.8,8,348.0,2278.0,3.5,2019,Petrol,Manual,11.81
1.1,4,150.0,1411.0,6.8,2024,Plug-in Hybrid,Automatic,3.2
4.2,8,316.0,2297.0,5.5,2013,Diesel,Automatic,11.06
5.4,8,394.0,2465.0,3.5,2017,Petrol,Manual,14.39
3.0,6,224.0,1843.0,6.4,2020,Diesel,Automatic,6.22
2.1,4,168.0,1388.0,5.0,2012,Plug-in Hybrid,Manual,3.2
4.2,8,292.0,2166.0,4.4,2017,Diesel,Automatic,9.52
4.7,8,344.0,2192.0,3.5,2019,Petrol,Automatic,12.17
3.5,6,243.0,1859.0,3.5,2021,Diesel,Manual,7.66
5.4,8,396.0,2337.0,3.5,2024,Petrol,Manual,13.44
1.2,3,122.0,1158.0,5.9,2013,Petrol,Automatic,3.29
3.3,6,266.0,1629.0,3.5,2016,Petrol,Automatic,9.06
4.2,8,280.0,2086.0,5.0,2017,Petrol,Automatic,11.52
4.9,8,406.0,2315.0,3.5,2016,Petrol,Automatic,13.66
1.8,4,153.0,1292.0,6.1,2014,Petrol,Automatic,5.41
4.6,12,381.0,2520.0,3.5,2015,Diesel,Manual,11.66
3.5,6,268.0,2128.0,5.8,2018,Petrol,Automatic,10.47
2.8,8,254.0,2037.0,5.2,2015,Petrol,Manual,8.55
1.6,4,123.0,1615.0,8.8,2020,Hybrid,Automatic,3.2
4.9,8,369.0,2339.0,3.5,2022,Diesel,Automatic,11.17
1.7,4,129.0,1576.0,8.8,2023,Diesel,Manual,3.2
2.4,4,172.0,1475.0,5.5,2024,Petrol,Automatic,6.39
2.3,4,161.0,1467.0,6.9,2024,Petrol,Automatic,4.87
4.9,8,337.0,1963.0,3.5,2021,Petrol,Automatic,11.74
4.0,8,319.0,2272.0,3.5,2013,Petrol,Manual,11.89
4.6,8,361.0,2423.0,3.7,2016,Petrol,Manual,12.38
2.1,4,174.0,1442.0,5.4,2019,Petrol,Automatic,5.83
3.8,8,321.0,2064.0,3.5,2016,Petrol,Automatic,11.88
3.6,6,276.0,1828.0,3.7,2021,Petrol,Automatic,8.59
4.7,8,344.0,2302.0,3.5,2023,Diesel,Manual,10.24
5.1,8,393.0,2463.0,3.5,2019,Petrol,Manual,13.51
1.1,4,81.0,1119.0,9.9,2019,Petrol,Automatic,3.2
4.0,6,274.0,2039.0,5.3,2020,Diesel,Automatic,10.09
1.2,3,83.0,1243.0,10.4,2021,Diesel,Automatic,3.2
3.5,6,286.0,1914.0,3.5,2017,Petrol,Manual,9.16
2.3,4,193.0,1599.0,6.2,2023,Hybrid,Manual,3.2
2.4,4,190.0,1539.0,4.7,2015,Diesel,Automatic,5.89
2.6,6,236.0,1726.0,3.7,2023,Petrol,Automatic,7.15
3.8,6,263.0,1928.0,3.5,2022,Hybrid,Automatic,7.37
2.5,6,216.0,1836.0,6.7,2014,Plug-in Hybrid,Manual,3.2
4.3,8,330.0,2234.0,3.5,2023,Petrol,Automatic,11.15
2.8,6,243.0,1800.0,4.3,2016,Petrol,Manual,7.93
1.3,4,117.0,1211.0,6.7,2017,Hybrid,Automatic,3.2
4.5,8,336.0,2175.0,3.5,2014,Diesel,Automatic,11.27
2.3,4,185.0,1652.0,5.9,2013,Petrol,Automatic,7.98
2.9,6,249.0,1797.0,3.5,2018,Petrol,Automatic,8.54
4.1,12,356.0,2507.0,4.1,2022,Petrol,Automatic,12.4
2.5,6,208.0,1932.0,5.6,2016,Diesel,Manual,6.71
1.3,4,98.0,1489.0,9.1,2020,Diesel,Automatic,3.2
2.7,8,195.0,1907.0,5.6,2014,Petrol,Automatic,8.06
5.3,8,392.0,2303.0,3.5,2019,Diesel,Automatic,12.45
3.9,6,299.0,1666.0,3.5,2017,Diesel,Manual,8.2
4.0,6,297.0,1970.0,3.5,2015,Petrol,Manual,10.57
3.8,6,242.0,1915.0,4.1,2023,Petrol,Automatic,8.93
1.9,4,145.0,1519.0,7.3,2023,Diesel,Manual,3.2
2.9,6,187.0,1774.0,6.3,2020,Hybrid,Automatic,5.07
4.4,8,365.0,2164.0,3.5,2016,Diesel,Automatic,11.16
1.5,4,109.0,1186.0,8.7,2021,Diesel,Manual,3.2
2.3,4,200.0,1431.0,3.5,2017,Petrol,Manual,6.77
2.2,4,188.0,1583.0,5.9,2024,Petrol,Manual,6.05
2.9,6,213.0,1998.0,7.0,2020,Diesel,Automatic,7.02
5.4,8,370.0,2370.0,3.5,2018,Petrol,Automatic,13.39
1.3,4,127.0,1403.0,6.8,2023,Petrol,Manual,3.2
3.3,6,237.0,1978.0,5.5,2016,Petrol,Automatic,9.03
1.8,4,149.0,1357.0,6.2,2013,Petrol,Automatic,5.97
5.4,8,383.0,2426.0,3.5,2015,Petrol,Automatic,14.54
1.5,4,95.0,1311.0,9.3,2013,Petrol,Automatic,5.42
2.8,6,181.0,1878.0,6.8,2014,Petrol,Automatic,7.27
4.3,8,337.0,2202.0,3.5,2021,Petrol,Manual,11.2
4.2,12,364.0,2482.0,3.6,2023,Hybrid,Automatic,8.35
2.9,6,220.0,1698.0,5.0,2014,Diesel,Automatic,7.23
2.6,6,229.0,1823.0,4.4,2015,Diesel,Automatic,7.47
2.8,6,249.0,2024.0,5.8,2017,Hybrid,Manual,6.15
2.2,6,188.0,1545.0,4.3,2023,Diesel,Automatic,4.86
1.9,4,146.0,1431.0,6.5,2014,Petrol,Automatic,4.83
3.2,6,258.0,1874.0,4.0,2021,Diesel,Manual,7.12
2.2,4,142.0,1620.0,7.5,2012,Diesel,Manual,4.98
2.3,4,179.0,1477.0,5.1,2012,Diesel,Manual,4.81
4.0,6,303.0,1650.0,3.5,2020,Petrol,Manual,9.28
5.4,8,407.0,2545.0,3.5,2020,Petrol,Automatic,13.72
3.7,8,261.0,2167.0,6.9,2016,Petrol,Manual,9.5
1.3,4,104.0,1155.0,8.0,2020,Petrol,Automatic,3.57
1.3,3,90.0,1221.0,9.0,2022,Diesel,Manual,3.2
5.3,8,389.0,2552.0,3.5,2018,Diesel,Manual,11.93
2.3,4,184.0,1718.0,8.0,2020,Petrol,Manual,5.59
1.4,4,155.0,1495.0,6.1,2023,Plug-in Hybrid,Manual,3.2
3.7,6,266.0,1915.0,3.5,2018,Diesel,Automatic,8.72
3.8,6,271.0,1964.0,3.7,2020,Petrol,Automatic,9.7
3.9,6,309.0,1956.0,3.5,2013,Petrol,Manual,10.98
2.2,4,175.0,1661.0,5.6,2022,Petrol,Manual,5.81
1.1,4,134.0,1223.0,6.3,2022,Petrol,Automatic,3.2
5.3,8,393.0,2267.0,3.5,2019,Petrol,Automatic,13.25
2.1,6,164.0,1769.0,7.6,2018,Petrol,Automatic,6.0
4.0,8,289.0,2125.0,4.1,2017,Petrol,Manual,10.93
4.2,8,296.0,2331.0,4.6,2016,Petrol,Manual,11.73
3.7,8,313.0,1995.0,3.5,2015,Hybrid,Automatic,7.16
2.4,4,204.0,1555.0,4.2,2018,Petrol,Automatic,7.21
2.2,4,206.0,1415.0,4.7,2014,Diesel,Manual,5.04
3.7,6,292.0,1937.0,4.4,2019,Petrol,Manual,9.66
4.9,8,389.0,2115.0,3.5,2013,Plug-in Hybrid,Automatic,8.57
5.3,8,376.0,2305.0,3.5,2012,Petrol,Automatic,14.14
1.5,3,95.0,1158.0,9.0,2022,Petrol,Automatic,3.46
1.7,4,159.0,1519.0,7.3,2013,Plug-in Hybrid,Automatic,3.2
5.3,8,396.0,2450.0,3.5,2020,Hybrid,Automatic,10.95
4.3,8,335.0,1976.0,3.5,2016,Hybrid,Manual,8.05
5.0,8,379.0,2470.0,3.5,2022,Petrol,Manual,13.36
1.9,4,159.0,1772.0,8.0,2019,Petrol,Automatic,5.26
3.6,6,296.0,1924.0,3.5,2014,Diesel,Manual,8.44
4.2,8,353.0,2089.0,3.5,2018,Plug-in Hybrid,Automatic,6.61
4.1,8,332.0,2487.0,4.2,2013,Diesel,Automatic,11.41
2.8,8,267.0,1756.0,3.5,2019,Diesel,Automatic,7.64
1.1,4,119.0,1330.0,7.3,2018,Petrol,Automatic,3.64
3.6,6,261.0,1940.0,4.7,2023,Hybrid,Manual,5.43
2.1,6,203.0,1809.0,5.6,2016,Petrol,Manual,7.61
3.0,6,209.0,1853.0,5.9,2023,Petrol,Automatic,7.86
5.3,8,409.0,2304.0,3.5,2022,Petrol,Automatic,13.54
2.8,6,202.0,1660.0,5.5,2015,Diesel,Manual,5.99
4.8,12,414.0,2513.0,3.5,2012,Petrol,Automatic,14.68
1.8,4,130.0,1333.0,6.7,2016,Petrol,Automatic,5.11
4.0,6,303.0,1996.0,3.5,2023,Diesel,Manual,8.37
5.4,8,392.0,2314.0,3.5,2020,Petrol,Automatic,13.48
1.5,3,87.0,1151.0,8.3,2021,Diesel,Automatic,3.2
1.0,4,111.0,1461.0,7.9,2015,Petrol,Automatic,3.6
3.0,6,225.0,1750.0,5.9,2024,Diesel,Manual,5.59
1.4,3,131.0,1160.0,5.7,2020,Diesel,Automatic,3.2
4.4,12,386.0,2462.0,3.5,2023,Petrol,Automatic,12.02
5.1,8,384.0,2336.0,3.5,2013,Petrol,Manual,14.0
3.0,6,218.0,1600.0,6.4,2015,Petrol,Automatic,7.46
2.2,6,181.0,1706.0,5.8,2020,Petrol,Manual,5.33
3.0,6,228.0,1684.0,4.6,2015,Plug-in Hybrid,Automatic,4.27
4.3,8,350.0,2389.0,3.5,2016,Petrol,Manual,13.01
1.0,4,137.0,1373.0,6.7,2022,Hybrid,Automatic,3.2
3.7,8,283.0,2028.0,3.6,2019,Petrol,Automatic,9.54
3.8,8,327.0,2005.0,3.5,2012,Diesel,Automatic,10.21
3.9,6,243.0,1959.0,5.2,2012,Hybrid,Automatic,7.11
2.1,6,164.0,1722.0,6.5,2020,Diesel,Manual,4.7
4.2,8,308.0,2163.0,4.4,2020,Diesel,Manual,9.91
1.4,4,98.0,1356.0,9.1,2015,Petrol,Automatic,4.16
1.9,6,145.0,1619.0,8.0,2024,Petrol,Automatic,5.23
4.9,8,374.0,2220.0,3.5,2013,Plug-in Hybrid,Manual,9.01
4.3,8,328.0,2143.0,3.5,2024,Hybrid,Manual,8.26
1.1,3,104.0,1008.0,6.9,2020,Plug-in Hybrid,Automatic,3.2
2.1,4,177.0,1625.0,5.6,2015,Petrol,Automatic,7.04
2.0,4,163.0,1526.0,6.3,2017,Diesel,Automatic,4.62
2.2,4,182.0,1433.0,4.5,2023,Plug-in Hybrid,Manual,3.2
2.1,6,186.0,1876.0,6.5,2012,Petrol,Automatic,8.87
1.3,4,96.0,1374.0,8.0,2023,Petrol,Automatic,3.43
3.1,6,264.0,1704.0,3.7,2020,Diesel,Automatic,6.49
4.3,12,369.0,2567.0,3.5,2016,Diesel,Manual,11.4
3.7,8,281.0,2124.0,5.3,2014,Hybrid,Automatic,7.62
4.0,6,288.0,2037.0,4.5,2015,Petrol,Automatic,10.77
1.4,4,107.0,1331.0,7.7,2012,Hybrid,Automatic,3.2
5.3,8,379.0,2418.0,3.5,2020,Petrol,Automatic,14.17
4.8,12,415.0,2523.0,3.7,2019,Petrol,Automatic,13.62
4.6,8,356.0,2305.0,4.0,2015,Petrol,Automatic,12.2
4.7,8,337.0,2027.0,3.5,2013,Hybrid,Automatic,9.56
5.2,8,372.0,2294.0,3.5,2020,Diesel,Automatic,11.6
3.4,6,280.0,2089.0,4.1,2015,Diesel,Automatic,9.08
1.9,4,162.0,1380.0,6.0,2020,Petrol,Manual,4.78
3.8,6,323.0,1882.0,3.5,2021,Hybrid,Manual,7.43
4.3,8,356.0,2130.0,3.5,2014,Petrol,Automatic,12.37
4.3,12,403.0,2318.0,3.5,2018,Hybrid,Manual,9.16
3.3,6,226.0,1599.0,3.9,2018,Petrol,Automatic,7.75
1.3,3,123.0,1266.0,6.5,2021,Petrol,Automatic,3.71
2.7,6,219.0,1772.0,5.2,2024,Diesel,Automatic,5.84
5.1,8,365.0,2322.0,3.5,2015,Petrol,Automatic,13.48
3.6,8,297.0,2041.0,3.5,2013,Diesel,Manual,9.53
3.4,8,302.0,2027.0,3.8,2022,Diesel,Manual,7.38
2.2,4,179.0,1649.0,6.5,2020,Petrol,Manual,5.52
2.7,6,203.0,1733.0,5.7,2015,Hybrid,Automatic,4.93
5.0,8,386.0,2241.0,3.5,2019,Petrol,Automatic,12.79
4.0,6,279.0,1956.0,4.1,2013,Diesel,Automatic,9.39
4.5,12,396.0,2570.0,3.8,2019,Plug-in Hybrid,Automatic,8.85
3.0,6,231.0,1979.0,5.5,2022,Diesel,Automatic,7.25
3.8,8,301.0,2019.0,3.5,2021,Petrol,Automatic,10.25
2.1,4,179.0,1520.0,4.9,2016,Plug-in Hybrid,Automatic,3.2
4.2,8,306.0,2207.0,3.8,2018,Diesel,Automatic,9.87
2.9,8,294.0,1813.0,3.5,2018,Petrol,Manual,8.88
3.0,6,201.0,1812.0,7.0,2023,Petrol,Manual,7.29
3.9,6,275.0,1796.0,3.6,2020,Hybrid,Manual,6.88
5.2,8,389.0,2134.0,3.5,2014,Diesel,Automatic,12.68
1.3,4,131.0,1408.0,8.2,2021,Diesel,Automatic,3.2
4.7,8,352.0,2210.0,3.5,2015,Hybrid,Automatic,9.99
2.3,4,173.0,1568.0,6.8,2021,Hybrid,Manual,3.2
3.0,6,245.0,1808.0,4.1,2015,Petrol,Automatic,7.96
1.1,4,104.0,1211.0,8.5,2024,Petrol,Automatic,3.2
2.4,4,208.0,1557.0,3.7,2021,Petrol,Manual,6.17
3.3,6,270.0,1716.0,3.5,2016,Diesel,Automatic,7.3
1.3,3,125.0,1461.0,7.2,2017,Petrol,Automatic,4.36
3.2,6,229.0,1683.0,3.9,2014,Diesel,Automatic,7.33
5.2,8,380.0,2323.0,3.5,2024,Hybrid,Automatic,10.45
1.5,4,124.0,1275.0,6.2,2015,Hybrid,Automatic,3.2
4.4,8,318.0,2270.0,4.1,2014,Petrol,Automatic,12.37
2.8,6,233.0,1734.0,5.5,2013,Hybrid,Automatic,5.3
3.9,6,276.0,1910.0,5.3,2021,Petrol,Automatic,9.18
2.2,4,182.0,1628.0,6.2,2023,Hybrid,Manual,3.2
1.7,4,120.0,1440.0,8.9,2020,Petrol,Automatic,3.34
1.7,4,176.0,1498.0,5.8,2012,Petrol,Automatic,6.51
1.3,4,102.0,1246.0,8.7,2013,Hybrid,Automatic,3.2
1.8,4,151.0,1285.0,5.5,2019,Petrol,Manual,4.48
4.0,6,308.0,2003.0,3.5,2018,Petrol,Automatic,10.85
5.0,12,408.0,2552.0,3.5,2023,Diesel,Automatic,12.07
4.7,8,372.0,2331.0,3.5,2012,Diesel,Manual,11.44
4.1,8,297.0,2138.0,4.0,2016,Diesel,Manual,9.92
1.5,3,148.0,1355.0,6.3,2021,Diesel,Automatic,3.2
2.3,4,175.0,1349.0,5.3,2017,Diesel,Manual,3.2
2.4,4,168.0,1789.0,6.8,2016,Petrol,Automatic,6.57
2.1,4,158.0,1488.0,6.5,2015,Petrol,Automatic,5.13
3.3,8,294.0,2088.0,5.1,2024,Petrol,Automatic,9.94
3.4,6,247.0,1782.0,4.8,2012,Plug-in Hybrid,Automatic,5.05
2.6,8,224.0,1915.0,6.5,2018,Diesel,Manual,6.25
2.6,6,211.0,1582.0,4.5,2020,Petrol,Automatic,6.95
4.7,8,331.0,2310.0,3.9,2017,Diesel,Automatic,11.73
4.6,8,385.0,2195.0,3.5,2014,Plug-in Hybrid,Manual,8.6
2.4,4,169.0,1566.0,7.3,2021,Petrol,Manual,5.47
5.1,8,393.0,2412.0,3.5,2015,Diesel,Automatic,13.44
5.3,8,392.0,2216.0,3.5,2021,Diesel,Automatic,11.91
2.5,4,166.0,1498.0,7.0,2016,Diesel,Automatic,4.4
2.6,8,239.0,1933.0,5.1,2023,Petrol,Manual,7.45
3.3,8,293.0,2256.0,4.4,2023,Hybrid,Manual,6.85
5.2,8,378.0,2329.0,3.5,2012,Plug-in Hybrid,Manual,9.31
4.9,8,389.0,2363.0,3.5,2016,Diesel,Automatic,12.01
1.5,3,139.0,1317.0,5.7,2012,Diesel,Automatic,4.7
2.8,6,244.0,2007.0,6.6,2020,Plug-in Hybrid,Automatic,3.3
3.5,6,255.0,1690.0,3.5,2018,Diesel,Automatic,6.52
3.3,6,232.0,1875.0,5.2,2014,Petrol,Automatic,9.98
1.9,4,140.0,1277.0,6.6,2020,Diesel,Manual,3.2
4.9,8,369.0,1991.0,3.5,2013,Diesel,Automatic,11.32
4.0,8,327.0,2166.0,3.7,2023,Petrol,Automatic,10.67
4.8,8,317.0,2291.0,4.8,2018,Diesel,Manual,11.14
4.9,12,413.0,2538.0,3.5,2020,Plug-in Hybrid,Automatic,9.99
4.4,8,341.0,2189.0,3.5,2017,Plug-in Hybrid,Manual,6.76
3.0,6,231.0,2182.0,7.0,2021,Diesel,Automatic,7.87
3.7,6,301.0,1905.0,3.5,2016,Petrol,Automatic,11.01
1.7,4,150.0,1497.0,7.0,2023,Plug-in Hybrid,Automatic,3.2
4.0,6,318.0,1912.0,3.5,2018,Hybrid,Automatic,8.21
1.8,4,143.0,1489.0,7.8,2017,Petrol,Manual,5.28
4.1,8,340.0,2119.0,3.5,2016,Plug-in Hybrid,Automatic,7.16
2.0,4,191.0,1441.0,5.0,2013,Hybrid,Automatic,3.57
1.5,4,157.0,1618.0,7.1,2019,Diesel,Automatic,4.07
1.7,4,120.0,1577.0,9.2,2024,Diesel,Automatic,3.2
1.0,3,86.0,1256.0,9.8,2018,Petrol,Manual,3.2
4.2,8,320.0,1889.0,3.5,2017,Petrol,Automatic,10.44
4.3,8,342.0,2141.0,3.5,2016,Petrol,Manual,12.26
3.3,6,267.0,2188.0,6.2,2016,Hybrid,Manual,6.47
1.7,6,149.0,1548.0,8.1,2020,Petrol,Automatic,5.0
1.4,4,126.0,1514.0,8.4,2012,Petrol,Manual,4.58
1.1,4,70.0,1501.0,11.0,2020,Petrol,Automatic,3.2
1.7,4,170.0,1462.0,6.3,2017,Diesel,Automatic,4.2
5.0,8,361.0,2209.0,3.5,2015,Plug-in Hybrid,Automatic,8.45
2.1,4,165.0,1216.0,4.1,2021,Petrol,Manual,4.84
2.6,6,209.0,1820.0,6.1,2018,Petrol,Manual,7.13
1.5,3,141.0,1232.0,5.9,2020,Diesel,Automatic,3.2
2.0,4,101.0,1511.0,9.0,2016,Diesel,Manual,3.49
3.3,6,253.0,1714.0,4.2,2016,Petrol,Automatic,8.8
3.7,6,273.0,1904.0,3.8,2019,Diesel,Automatic,9.21
2.1,4,154.0,1512.0,8.1,2018,Petrol,Automatic,5.77
1.3,4,154.0,1396.0,5.3,2024,Petrol,Manual,3.24
2.8,6,208.0,1640.0,4.7,2024,Diesel,Automatic,5.92
2.1,4,179.0,1652.0,6.4,2019,Petrol,Automatic,5.91
2.0,4,165.0,1418.0,6.5,2022,Plug-in Hybrid,Automatic,3.2
5.3,8,413.0,2163.0,3.5,2023,Petrol,Automatic,12.67
3.8,8,292.0,2081.0,4.2,2021,Diesel,Automatic,7.91
3.5,6,250.0,1904.0,4.0,2013,Diesel,Automatic,8.64
2.9,8,277.0,1951.0,3.5,2020,Petrol,Manual,8.02
2.9,8,264.0,2095.0,5.2,2014,Diesel,Automatic,8.4
3.4,6,228.0,1854.0,4.5,2017,Petrol,Automatic,9.19
4.1,8,311.0,2134.0,3.5,2017,Plug-in Hybrid,Automatic,6.72
4.2,8,335.0,2034.0,3.5,2013,Petrol,Manual,12.32
1.8,6,188.0,1692.0,5.6,2023,Petrol,Manual,4.88
3.3,6,240.0,1886.0,5.9,2024,Petrol,Automatic,7.93
2.9,8,197.0,1882.0,7.4,2018,Plug-in Hybrid,Manual,3.2
4.9,8,376.0,2063.0,3.5,2020,Diesel,Automatic,11.89
3.8,8,281.0,2267.0,4.6,2023,Diesel,Automatic,9.6
3.4,6,219.0,1735.0,3.7,2021,Petrol,Automatic,7.86
1.5,4,74.0,1329.0,9.9,2022,Diesel,Automatic,3.2
3.7,8,316.0,2119.0,3.8,2012,Petrol,Automatic,11.02
1.5,4,133.0,1256.0,6.3,2019,Hybrid,Manual,3.2
2.5,6,205.0,1541.0,4.8,2013,Petrol,Manual,6.68
1.6,4,164.0,1163.0,3.5,2012,Petrol,Manual,4.96
4.1,8,334.0,2235.0,3.8,2019,Petrol,Automatic,12.0
1.9,4,185.0,1407.0,4.3,2013,Diesel,Automatic,5.95
2.8,6,198.0,2125.0,7.5,2017,Diesel,Manual,5.91
5.0,8,370.0,2191.0,3.5,2017,Petrol,Automatic,12.53
1.9,4,120.0,1361.0,7.1,2016,Hybrid,Automatic,3.2
3.3,6,249.0,1796.0,3.5,2019,Diesel,Automatic,6.93
2.9,8,251.0,1961.0,5.5,2014,Diesel,Manual,7.49
1.1,3,109.0,1202.0,7.9,2024,Petrol,Automatic,3.2
4.6,8,350.0,2311.0,3.8,2021,Petrol,Automatic,12.54
1.3,3,120.0,1177.0,7.0,2015,Diesel,Manual,3.2
3.1,6,257.0,1662.0,3.5,2018,Petrol,Automatic,8.36
3.5,6,308.0,1684.0,3.5,2018,Petrol,Automatic,9.41
3.8,8,299.0,1827.0,3.5,2024,Hybrid,Automatic,6.09
4.1,12,351.0,2366.0,3.5,2023,Plug-in Hybrid,Automatic,7.45
2.1,6,192.0,1612.0,6.7,2019,Petrol,Manual,6.54
1.0,4,87.0,1234.0,9.6,2013,Petrol,Automatic,3.49
4.3,8,362.0,2333.0,3.8,2022,Diesel,Automatic,10.26
3.4,6,253.0,2029.0,5.5,2023,Petrol,Manual,9.03
4.8,8,349.0,2234.0,3.5,2013,Petrol,Manual,13.83
4.7,8,345.0,2041.0,3.5,2015,Petrol,Manual,12.07
4.8,8,374.0,2206.0,3.5,2024,Diesel,Automatic,11.04
3.2,6,245.0,1774.0,3.6,2021,Diesel,Automatic,7.53
2.5,4,173.0,1501.0,5.6,2024,Petrol,Manual,4.84
4.6,8,382.0,2154.0,3.5,2020,Petrol,Manual,11.71
3.0,6,220.0,1732.0,5.9,2021,Petrol,Automatic,7.41
1.8,4,148.0,1408.0,5.4,2023,Diesel,Automatic,3.86
4.8,8,373.0,2198.0,3.5,2020,Petrol,Automatic,12.84
5.0,8,338.0,2335.0,3.5,2024,Petrol,Manual,12.0
3.1,6,252.0,1871.0,3.6,2024,Hybrid,Automatic,5.29
1.3,4,98.0,1255.0,9.4,2015,Petrol,Automatic,3.2
2.7,6,237.0,1909.0,5.6,2020,Diesel,Automatic,6.65
4.6,8,330.0,2120.0,3.6,2014,Petrol,Manual,11.58
5.1,8,390.0,2134.0,3.5,2023,Petrol,Manual,11.7
1.9,4,175.0,1518.0,7.1,2016,Petrol,Automatic,6.23
1.3,3,125.0,1196.0,7.0,2021,Diesel,Manual,3.2
4.9,8,371.0,2331.0,3.5,2020,Hybrid,Manual,9.46
2.8,6,221.0,1486.0,3.6,2017,Hybrid,Automatic,4.04
3.4,8,271.0,2189.0,6.0,2014,Petrol,Automatic,9.89
5.4,8,422.0,2463.0,3.5,2021,Diesel,Automatic,13.2
1.3,4,106.0,1184.0,7.4,2020,Petrol,Manual,3.21
3.9,6,266.0,1795.0,3.5,2017,Petrol,Automatic,9.8
1.3,3,121.0,1495.0,7.2,2015,Hybrid,Automatic,3.2
2.7,6,205.0,1668.0,5.4,2015,Petrol,Manual,6.44
4.6,8,330.0,2138.0,3.5,2019,Petrol,Automatic,10.95
3.0,6,208.0,1538.0,4.4,2018,Petrol,Manual,8.2
5.5,8,389.0,2358.0,3.5,2012,Petrol,Automatic,14.85
3.5,6,263.0,1873.0,3.7,2017,Petrol,Automatic,9.68
2.4,4,185.0,1648.0,7.1,2019,Diesel,Manual,4.6
2.0,4,177.0,1322.0,3.6,2014,Petrol,Manual,5.16
2.6,6,226.0,1556.0,4.3,2020,Hybrid,Automatic,4.74
2.7,8,241.0,1950.0,5.6,2021,Hybrid,Manual,4.27
1.3,3,104.0,1415.0,8.0,2013,Petrol,Manual,4.45
2.7,6,231.0,1567.0,5.1,2017,Petrol,Automatic,7.59
3.1,8,292.0,2098.0,4.0,2023,Petrol,Manual,8.95
4.3,8,335.0,2189.0,3.5,2012,Diesel,Automatic,10.5
4.0,6,283.0,2121.0,3.6,2023,Petrol,Automatic,9.83
4.2,8,307.0,2158.0,3.7,2022,Diesel,Automatic,9.82
1.0,4,74.0,1007.0,8.9,2013,Petrol,Manual,3.2
2.0,4,171.0,1472.0,5.8,2024,Diesel,Manual,3.54
4.0,6,304.0,2117.0,3.6,2016,Petrol,Automatic,11.39
3.2,6,260.0,1739.0,3.7,2012,Petrol,Automatic,8.62
1.0,4,100.0,1263.0,8.3,2019,Plug-in Hybrid,Automatic,3.2
4.6,8,377.0,2217.0,3.5,2012,Hybrid,Automatic,10.1
4.5,8,334.0,1872.0,3.5,2024,Petrol,Manual,10.87
3.5,8,308.0,2241.0,3.5,2020,Hybrid,Manual,6.48
1.3,4,119.0,1256.0,7.6,2021,Diesel,Automatic,3.2
4.4,12,374.0,2543.0,3.5,2022,Hybrid,Manual,9.69
3.6,6,282.0,1908.0,3.5,2014,Hybrid,Automatic,6.79
4.5,12,400.0,2651.0,4.0,2023,Petrol,Manual,12.43
4.4,8,345.0,2251.0,3.5,2013,Petrol,Manual,11.84
4.6,8,351.0,2210.0,3.5,2012,Petrol,Automatic,13.33
3.3,8,277.0,1897.0,3.5,2020,Diesel,Automatic,8.13
1.6,4,184.0,1514.0,6.4,2015,Diesel,Manual,4.77
4.0,6,316.0,1765.0,3.5,2023,Petrol,Automatic,9.92
3.8,6,295.0,2032.0,3.5,2012,Petrol,Automatic,11.51
4.3,8,335.0,2052.0,3.5,2012,Hybrid,Automatic,9.73
1.8,4,167.0,1604.0,6.4,2018,Plug-in Hybrid,Automatic,3.2
1.9,4,163.0,1491.0,5.8,2013,Diesel,Automatic,4.67
5.0,8,372.0,2387.0,3.5,2018,Petrol,Manual,12.78
4.4,8,332.0,2212.0,3.5,2023,Petrol,Manual,11.09
5.1,8,375.0,2118.0,3.5,2018,Petrol,Automatic,13.24
4.4,8,275.0,2099.0,3.5,2021,Plug-in Hybrid,Manual,5.89
3.7,6,280.0,2017.0,4.1,2020,Petrol,Automatic,10.3
3.9,6,277.0,1992.0,4.4,2024,Diesel,Manual,8.15
5.0,8,403.0,2452.0,3.5,2018,Petrol,Manual,12.86
3.6,6,270.0,1966.0,5.0,2024,Diesel,Automatic,8.05
3.8,6,257.0,1838.0,4.0,2012,Diesel,Manual,8.7
1.7,4,141.0,1340.0,6.5,2023,Hybrid,Automatic,3.2
3.1,6,222.0,1840.0,5.8,2024,Petrol,Automatic,7.81
4.2,12,384.0,2168.0,3.5,2019,Petrol,Manual,11.35
2.2,4,175.0,1727.0,6.7,2019,Petrol,Automatic,6.54
1.9,4,172.0,1525.0,6.4,2015,Plug-in Hybrid,Automatic,3.2
2.4,4,164.0,1709.0,6.9,2024,Hybrid,Automatic,3.2
2.1,4,164.0,1318.0,4.8,2019,Diesel,Manual,3.83
2.0,6,155.0,1779.0,7.6,2015,Diesel,Automatic,4.86
2.9,6,246.0,2060.0,6.4,2019,Diesel,Automatic,7.56
5.1,8,387.0,2169.0,3.5,2016,Petrol,Manual,13.34
3.3,8,287.0,2097.0,4.5,2015,Plug-in Hybrid,Manual,5.24
1.8,4,147.0,1454.0,6.9,2017,Petrol,Automatic,4.91
1.3,4,128.0,1179.0,5.3,2013,Petrol,Automatic,3.82
4.1,8,354.0,2207.0,3.5,2023,Diesel,Automatic,9.57
2.7,6,215.0,1856.0,6.1,2013,Petrol,Automatic,8.18
4.7,12,405.0,2464.0,3.5,2013,Petrol,Automatic,13.37
4.0,8,294.0,2270.0,3.5,2020,Diesel,Manual,9.87
4.6,8,332.0,2038.0,3.5,2021,Petrol,Manual,11.26
2.2,4,171.0,1347.0,4.5,2014,Diesel,Automatic,4.98
4.1,12,392.0,2444.0,3.5,2021,Petrol,Automatic,12.33
2.2,4,164.0,1529.0,6.9,2015,Petrol,Manual,6.03
5.2,8,377.0,2260.0,3.5,2021,Petrol,Automatic,13.34
3.9,8,302.0,2209.0,4.6,2023,Petrol,Manual,10.49
2.5,4,175.0,1644.0,6.3,2019,Diesel,Automatic,5.16
2.2,4,175.0,1629.0,5.2,2015,Petrol,Automatic,6.8
1.9,4,123.0,1457.0,8.9,2022,Diesel,Manual,3.2
4.1,12,395.0,2500.0,3.5,2021,Diesel,Automatic,11.07
2.0,4,145.0,1437.0,6.4,2021,Diesel,Manual,3.83
3.7,6,290.0,2182.0,4.3,2024,Plug-in Hybrid,Automatic,6.2
2.2,4,144.0,1428.0,7.1,2018,Diesel,Automatic,4.31
4.0,8,329.0,2383.0,4.1,2016,Petrol,Manual,11.24
4.7,8,368.0,2260.0,3.5,2020,Petrol,Automatic,12.74
4.5,8,351.0,2055.0,3.5,2015,Petrol,Manual,11.98
4.4,8,318.0,2366.0,4.0,2014,Diesel,Automatic,10.76
1.8,4,152.0,1469.0,6.7,2024,Petrol,Automatic,4.85
1.4,4,101.0,1484.0,10.5,2013,Diesel,Manual,3.2
4.1,8,316.0,2295.0,4.1,2012,Diesel,Automatic,11.19
2.7,8,265.0,1937.0,4.9,2022,Petrol,Automatic,8.43
2.9,6,247.0,1721.0,3.8,2017,Hybrid,Automatic,5.68
1.1,4,109.0,1445.0,8.6,2021,Petrol,Automatic,3.47
2.2,4,150.0,1526.0,7.0,2013,Petrol,Automatic,5.35
1.2,4,127.0,1428.0,7.7,2019,Diesel,Manual,3.2
5.0,12,419.0,2332.0,3.5,2017,Diesel,Manual,11.95
2.1,4,117.0,1562.0,9.7,2023,Diesel,Manual,3.53
3.5,6,280.0,1823.0,3.5,2023,Petrol,Manual,9.02
1.2,4,114.0,1544.0,9.7,2016,Petrol,Manual,4.61
4.0,8,340.0,2205.0,3.5,2024,Hybrid,Manual,7.75
2.5,4,164.0,1609.0,6.6,2013,Hybrid,Automatic,4.11
5.0,8,307.0,2368.0,4.3,2018,Diesel,Manual,11.65
5.0,8,377.0,2190.0,3.5,2013,Petrol,Manual,13.03
2.5,4,191.0,1775.0,6.2,2024,Diesel,Automatic,4.81
5.1,8,343.0,2567.0,4.9,2016,Petrol,Automatic,13.81
5.5,8,379.0,2447.0,3.5,2013,Petrol,Automatic,15.17
4.7,8,410.0,2447.0,3.5,2022,Plug-in Hybrid,Automatic,8.3
4.8,8,354.0,2206.0,3.5,2021,Petrol,Manual,12.2
2.1,4,178.0,1412.0,3.8,2022,Plug-in Hybrid,Automatic,3.2
3.6,6,257.0,1923.0,5.7,2022,Petrol,Automatic,9.21
1.3,3,70.0,1346.0,10.4,2013,Petrol,Manual,3.42
1.4,4,122.0,1335.0,6.4,2018,Diesel,Automatic,3.2
5.5,12,441.0,2745.0,3.5,2020,Hybrid,Automatic,12.19
2.5,4,178.0,1617.0,6.3,2016,Diesel,Automatic,5.4
4.4,8,336.0,2082.0,3.5,2018,Hybrid,Manual,8.5
4.6,12,402.0,2580.0,3.5,2015,Diesel,Manual,11.84
4.9,12,410.0,2676.0,3.5,2013,Diesel,Automatic,13.13
5.5,8,373.0,2421.0,3.5,2014,Hybrid,Manual,11.02
2.1,6,197.0,1786.0,6.5,2013,Petrol,Automatic,7.44
1.2,3,70.0,1130.0,9.8,2016,Diesel,Manual,3.2
2.9,6,190.0,1848.0,7.9,2017,Petrol,Manual,7.22
1.6,4,151.0,1278.0,4.8,2018,Plug-in Hybrid,Manual,3.2
1.1,4,119.0,1194.0,7.1,2014,Plug-in Hybrid,Automatic,3.2
2.6,6,214.0,1662.0,4.9,2015,Petrol,Manual,7.1
4.5,8,316.0,2107.0,3.7,2019,Diesel,Manual,9.97
3.5,6,250.0,1834.0,3.8,2015,Plug-in Hybrid,Automatic,5.2
2.4,6,199.0,1676.0,4.5,2018,Petrol,Manual,7.19
3.9,8,279.0,2212.0,5.1,2023,Diesel,Automatic,9.05
2.0,4,143.0,1451.0,7.3,2017,Plug-in Hybrid,Manual,3.2
1.1,4,122.0,1138.0,7.4,2018,Petrol,Automatic,3.2
4.4,12,415.0,2619.0,3.5,2012,Diesel,Manual,12.4
3.8,8,297.0,1994.0,4.0,2014,Petrol,Automatic,10.79
4.4,8,353.0,2195.0,3.9,2017,Plug-in Hybrid,Automatic,7.33
1.2,4,76.0,1400.0,10.2,2014,Plug-in Hybrid,Automatic,3.2
4.8,12,421.0,2578.0,3.5,2018,Plug-in Hybrid,Automatic,9.97
3.8,6,265.0,2085.0,4.7,2020,Diesel,Automatic,7.98
3.5,6,271.0,1957.0,4.1,2014,Hybrid,Automatic,7.42
3.8,6,276.0,1851.0,3.7,2012,Hybrid,Automatic,7.65
4.9,8,392.0,2553.0,3.5,2021,Petrol,Automatic,14.08
3.6,6,253.0,1941.0,5.7,2024,Hybrid,Automatic,5.21
3.6,6,283.0,1900.0,3.5,2017,Petrol,Manual,10.62
5.5,8,393.0,2516.0,3.5,2023,Diesel,Automatic,12.2
4.4,12,383.0,2512.0,3.7,2012,Petrol,Manual,13.47
3.0,8,257.0,1998.0,3.5,2012,Petrol,Manual,9.27
4.2,8,310.0,2465.0,4.9,2019,Petrol,Manual,11.32
2.8,8,250.0,1881.0,6.4,2020,Diesel,Automatic,5.9
2.0,4,157.0,1452.0,6.4,2013,Petrol,Manual,6.25
3.7,6,280.0,1950.0,3.5,2020,Diesel,Automatic,8.48
5.2,8,384.0,2475.0,3.5,2016,Petrol,Automatic,14.03
5.2,12,446.0,2445.0,3.5,2024,Petrol,Automatic,14.75
2.5,6,228.0,1484.0,3.5,2019,Diesel,Manual,5.9
3.4,6,238.0,1812.0,5.0,2018,Hybrid,Automatic,5.69
2.0,6,199.0,1434.0,3.5,2018,Petrol,Automatic,6.08
5.5,8,375.0,2349.0,3.5,2015,Diesel,Manual,12.61
5.4,8,405.0,2442.0,3.5,2013,Hybrid,Manual,11.83
3.9,8,323.0,2005.0,3.5,2016,Diesel,Automatic,10.48
4.6,8,311.0,2067.0,3.5,2022,Petrol,Automatic,10.58
4.2,8,329.0,2174.0,3.9,2022,Petrol,Manual,11.14
3.7,8,290.0,2180.0,4.4,2014,Hybrid,Automatic,8.52
1.2,3,87.0,1073.0,8.6,2020,Petrol,Automatic,3.2
3.0,6,264.0,1908.0,3.6,2017,Hybrid,Automatic,6.15
4.0,8,303.0,2228.0,3.7,2012,Diesel,Manual,9.47
4.0,6,276.0,2104.0,5.1,2014,Plug-in Hybrid,Manual,5.98
2.7,8,246.0,2042.0,5.2,2023,Hybrid,Manual,5.02
5.2,8,396.0,2610.0,3.5,2015,Plug-in Hybrid,Manual,10.6
1.8,4,144.0,1411.0,6.5,2020,Petrol,Automatic,5.68
3.3,8,301.0,2017.0,3.7,2022,Hybrid,Automatic,6.21
4.1,8,332.0,2098.0,3.5,2017,Petrol,Automatic,12.12
4.1,8,278.0,2148.0,4.7,2015,Diesel,Automatic,8.93
3.9,8,300.0,2296.0,4.7,2012,Diesel,Automatic,10.14
2.2,4,158.0,1365.0,4.7,2019,Hybrid,Manual,3.2
1.7,4,151.0,1333.0,5.1,2022,Plug-in Hybrid,Automatic,3.2
3.9,6,234.0,2137.0,6.5,2013,Hybrid,Manual,7.25
3.7,8,350.0,2198.0,3.5,2022,Petrol,Automatic,11.04
1.8,6,182.0,1550.0,6.3,2022,Petrol,Automatic,5.29
4.2,8,330.0,2269.0,4.2,2019,Diesel,Automatic,10.73
3.0,6,261.0,1851.0,4.4,2017,Petrol,Automatic,9.22
4.0,8,363.0,2310.0,3.8,2019,Petrol,Manual,11.35
4.8,8,377.0,2283.0,3.5,2017,Petrol,Automatic,13.43
1.8,4,166.0,1577.0,7.0,2016,Petrol,Automatic,6.72
1.1,3,99.0,1575.0,9.4,2016,Petrol,Automatic,3.74
4.5,12,389.0,2572.0,4.6,2021,Petrol,Automatic,13.64
3.7,8,290.0,2082.0,5.2,2021,Petrol,Automatic,9.68
4.1,8,305.0,2235.0,4.3,2022,Petrol,Manual,11.23
4.8,8,346.0,2230.0,3.5,2019,Plug-in Hybrid,Manual,7.49
4.6,12,370.0,2800.0,5.4,2018,Petrol,Automatic,13.91
5.3,8,386.0,2386.0,3.5,2019,Petrol,Manual,13.47
3.4,8,249.0,1989.0,4.7,2023,Diesel,Automatic,6.8
3.2,6,252.0,1746.0,4.2,2019,Petrol,Automatic,9.52
2.8,6,225.0,1906.0,5.7,2018,Plug-in Hybrid,Automatic,3.4
1.7,4,144.0,1540.0,7.6,2013,Hybrid,Automatic,3.2
3.6,6,260.0,1858.0,3.5,2022,Petrol,Automatic,8.98
2.2,6,255.0,1735.0,3.5,2020,Petrol,Automatic,8.67
5.1,8,404.0,2147.0,3.5,2024,Hybrid,Automatic,9.1
3.6,8,269.0,2080.0,5.3,2018,Plug-in Hybrid,Automatic,5.63
3.7,6,280.0,1990.0,3.8,2023,Diesel,Automatic,7.84
2.6,6,203.0,1943.0,7.5,2022,Diesel,Manual,5.05
1.2,3,82.0,1184.0,8.9,2017,Petrol,Automatic,3.2
1.1,4,82.0,1175.0,8.6,2020,Plug-in Hybrid,Automatic,3.2
2.9,8,264.0,1825.0,3.6,2024,Petrol,Automatic,8.12
1.4,3,99.0,1152.0,8.0,2012,Plug-in Hybrid,Automatic,3.2
3.7,6,295.0,2096.0,4.4,2022,Diesel,Automatic,9.1
5.0,8,391.0,2496.0,3.5,2013,Diesel,Automatic,13.38
5.0,8,398.0,2348.0,3.5,2024,Diesel,Automatic,11.72
4.0,6,275.0,2137.0,6.0,2012,Petrol,Automatic,11.59
2.0,6,192.0,1646.0,5.7,2021,Petrol,Automatic,5.96
4.9,8,378.0,2281.0,3.5,2023,Petrol,Automatic,12.71
5.0,8,362.0,2270.0,3.5,2014,Petrol,Automatic,13.28
1.9,4,137.0,1435.0,8.0,2022,Hybrid,Automatic,3.2
4.3,12,413.0,2278.0,3.5,2016,Petrol,Automatic,12.93
2.3,4,179.0,1576.0,6.5,2012,Petrol,Manual,6.67
4.6,8,362.0,2233.0,3.5,2015,Plug-in Hybrid,Automatic,8.37
5.5,8,382.0,2489.0,3.5,2024,Hybrid,Automatic,10.95
1.1,4,84.0,1339.0,9.4,2019,Plug-in Hybrid,Automatic,3.2
5.0,8,360.0,2290.0,3.5,2017,Plug-in Hybrid,Manual,8.32
3.8,6,279.0,1849.0,3.5,2024,Petrol,Automatic,8.99
5.4,8,372.0,2391.0,3.5,2012,Petrol,Automatic,14.35
3.1,6,242.0,1917.0,4.8,2023,Hybrid,Automatic,5.41
4.8,12,374.0,2417.0,3.5,2012,Diesel,Automatic,12.94
1.3,4,97.0,1374.0,8.6,2014,Petrol,Automatic,4.17
2.5,4,199.0,1608.0,4.8,2021,Hybrid,Automatic,3.4
1.3,4,132.0,1278.0,7.4,2019,Petrol,Manual,3.88
5.4,8,385.0,2311.0,3.5,2022,Petrol,Automatic,13.65
4.7,8,334.0,2284.0,3.5,2022,Diesel,Manual,10.46
4.8,8,339.0,2138.0,3.5,2019,Diesel,Manual,10.94
5.2,8,375.0,2388.0,3.5,2024,Diesel,Automatic,12.2
1.4,4,138.0,1275.0,6.7,2014,Petrol,Automatic,4.48
2.7,8,263.0,2024.0,3.5,2018,Hybrid,Automatic,5.75
1.3,4,110.0,1645.0,10.1,2023,Petrol,Automatic,3.69
1.9,6,153.0,1509.0,7.8,2014,Petrol,Automatic,5.94
2.0,4,163.0,1554.0,6.0,2015,Hybrid,Manual,3.2
3.1,6,226.0,1741.0,4.2,2020,Plug-in Hybrid,Manual,3.2
2.2,4,159.0,1651.0,7.0,2024,Hybrid,Automatic,3.2
1.5,4,157.0,1248.0,4.6,2015,Hybrid,Automatic,3.2
1.8,4,164.0,1512.0,6.5,2014,Diesel,Manual,4.06
1.7,4,145.0,1331.0,5.2,2016,Diesel,Manual,3.93
5.4,12,416.0,2637.0,3.5,2018,Petrol,Manual,14.84
4.4,12,390.0,2358.0,3.5,2016,Petrol,Automatic,11.27
5.4,8,414.0,2481.0,3.5,2015,Petrol,Automatic,14.6
3.0,6,229.0,1710.0,5.2,2019,Petrol,Automatic,8.26
2.3,4,202.0,1610.0,5.3,2015,Diesel,Automatic,5.24
4.6,8,375.0,2197.0,3.5,2013,Diesel,Automatic,11.48
2.5,4,219.0,1566.0,4.4,2021,Petrol,Automatic,7.48
2.3,6,205.0,1702.0,5.4,2024,Petrol,Manual,5.88
2.0,4,170.0,1399.0,5.1,2017,Diesel,Automatic,5.23
1.6,4,164.0,1443.0,6.1,2013,Petrol,Automatic,5.35
2.2,4,178.0,1710.0,7.0,2014,Hybrid,Automatic,4.59
2.6,6,205.0,1645.0,5.6,2012,Diesel,Automatic,6.48
4.0,6,283.0,2131.0,5.2,2016,Diesel,Automatic,9.11
1.3,4,124.0,1544.0,8.7,2020,Diesel,Automatic,3.4
1.9,4,127.0,1374.0,6.7,2013,Hybrid,Manual,3.2
4.6,8,346.0,2063.0,3.5,2023,Petrol,Automatic,11.1
1.7,4,163.0,1472.0,8.0,2018,Diesel,Automatic,3.89
2.5,6,166.0,1654.0,7.4,2016,Diesel,Automatic,5.39
4.9,8,396.0,2516.0,4.1,2013,Petrol,Manual,13.93
1.7,4,164.0,1440.0,6.8,2019,Hybrid,Manual,3.2
1.4,3,104.0,1216.0,8.2,2022,Hybrid,Manual,3.2
3.2,6,259.0,1708.0,3.5,2024,Diesel,Automatic,6.6
2.4,4,180.0,1693.0,6.5,2024,Hybrid,Automatic,3.85
3.5,8,313.0,1971.0,3.5,2017,Hybrid,Automatic,6.82
4.6,8,369.0,2243.0,3.5,2015,Diesel,Automatic,12.25
1.6,4,108.0,1533.0,9.9,2024,Hybrid,Manual,3.2
3.6,6,282.0,1860.0,3.5,2015,Diesel,Automatic,8.52
3.3,6,249.0,1858.0,4.7,2013,Diesel,Manual,6.92
1.6,6,162.0,1556.0,7.2,2014,Diesel,Manual,3.2
3.8,8,290.0,2176.0,4.0,2018,Hybrid,Automatic,7.74
2.2,4,204.0,1597.0,4.6,2014,Petrol,Manual,6.65
3.2,8,293.0,1960.0,3.5,2024,Hybrid,Automatic,6.25
1.4,4,110.0,1390.0,8.1,2016,Hybrid,Automatic,3.2
3.1,8,240.0,1923.0,4.4,2021,Petrol,Automatic,8.88
2.4,4,172.0,1385.0,4.6,2017,Hybrid,Automatic,3.44
4.7,12,411.0,2567.0,3.5,2017,Petrol,Automatic,14.42
1.3,4,124.0,1591.0,8.1,2015,Petrol,Automatic,4.9
2.9,6,257.0,1686.0,3.5,2017,Diesel,Automatic,7.9
3.1,6,258.0,1735.0,3.5,2014,Petrol,Automatic,8.88
4.3,12,400.0,2360.0,3.5,2018,Hybrid,Automatic,9.31
3.6,8,301.0,2145.0,4.8,2018,Hybrid,Automatic,6.63
4.0,6,264.0,2044.0,5.3,2015,Diesel,Automatic,9.18
4.5,8,340.0,2201.0,3.5,2013,Petrol,Automatic,12.07
4.9,8,387.0,2182.0,3.5,2022,Petrol,Manual,11.58
2.4,4,179.0,1573.0,5.3,2018,Diesel,Manual,5.44
3.4,6,269.0,1694.0,3.8,2014,Plug-in Hybrid,Manual,3.93
4.8,8,354.0,2291.0,3.5,2012,Diesel,Manual,11.74
5.5,12,426.0,2785.0,3.5,2013,Petrol,Automatic,15.79
5.0,8,369.0,2160.0,3.5,2021,Diesel,Manual,10.86
2.7,8,251.0,1712.0,3.5,2020,Diesel,Automatic,7.29
1.9,4,139.0,1662.0,8.9,2023,Hybrid,Automatic,3.2
3.2,6,243.0,1773.0,4.7,2019,Petrol,Manual,8.83
4.3,8,314.0,2320.0,5.4,2017,Hybrid,Automatic,8.05
3.2,6,270.0,1828.0,3.5,2017,Diesel,Manual,7.91
3.2,6,242.0,1827.0,3.8,2012,Plug-in Hybrid,Manual,5.46
4.8,8,389.0,2327.0,3.5,2013,Petrol,Manual,11.47
2.6,6,246.0,1632.0,3.5,2015,Diesel,Manual,6.46
4.9,8,364.0,2308.0,3.5,2014,Plug-in Hybrid,Automatic,8.97
2.8,6,206.0,1728.0,5.3,2012,Petrol,Automatic,8.34
2.5,4,144.0,1422.0,5.8,2019,Plug-in Hybrid,Automatic,3.2
3.0,8,232.0,1990.0,6.0,2018,Diesel,Automatic,6.94
4.4,12,359.0,2450.0,4.7,2015,Petrol,Automatic,12.3
1.6,4,164.0,1399.0,6.0,2023,Petrol,Manual,4.28
1.9,4,155.0,1327.0,6.1,2023,Diesel,Manual,3.49
5.3,8,395.0,2555.0,3.5,2020,Petrol,Automatic,14.36
1.8,6,127.0,1699.0,9.1,2022,Diesel,Automatic,3.48
3.6,6,246.0,2034.0,6.0,2015,Petrol,Automatic,9.73
3.6,6,288.0,1881.0,3.5,2012,Diesel,Automatic,8.28
3.2,6,254.0,1638.0,3.5,2021,Petrol,Manual,8.25
3.9,6,284.0,2206.0,4.4,2012,Hybrid,Automatic,8.88
2.0,4,169.0,1483.0,5.8,2012,Plug-in Hybrid,Automatic,3.2
3.5,8,321.0,1950.0,3.5,2012,Plug-in Hybrid,Automatic,6.22
2.7,6,216.0,1806.0,5.3,2015,Diesel,Automatic,6.33
4.0,6,293.0,2130.0,4.4,2012,Petrol,Automatic,11.86
